来源,楼层,分区,活动/构件,月份,数值,开始,结束,原因
act_plan(活动计划量),L1,POD2.1T,Steel Main Beams,Apr'26,0.1,,,"页面无该楼层图/分区, 推不上去 — 需人工确认归属"
act_plan(活动计划量),L1,POD2.4,Steel Main Beams,Jan'27,0.1,,,"页面无该楼层图/分区, 推不上去 — 需人工确认归属"
act_plan(活动计划量),L1,POD2.4T,Steel Main Beams,Jul'26,0,,,"页面无该楼层图/分区, 推不上去 — 需人工确认归属"
act_plan(活动计划量),L3,1.1,Steel Main Beams,Jan'27,6,,,"页面无该楼层图/分区, 推不上去 — 需人工确认归属"
act_plan(活动计划量),L3,1.1,Steel Beams,Dec'26,6,,,"页面无该楼层图/分区, 推不上去 — 需人工确认归属"
act_plan(活动计划量),L3,1.2,Steel Main Beams,Oct'26,7,,,"页面无该楼层图/分区, 推不上去 — 需人工确认归属"
act_plan(活动计划量),L3,1.2,Steel Beams,Sep'26,7,,,"页面无该楼层图/分区, 推不上去 — 需人工确认归属"
act_plan(活动计划量),L3,2.1CIS,Steel Main Beams,Sep'26,7,,,"页面无该楼层图/分区, 推不上去 — 需人工确认归属"
act_plan(活动计划量),L3,2.1CIS,Steel Beams,Sep'26,7,,,"页面无该楼层图/分区, 推不上去 — 需人工确认归属"
act_plan(活动计划量),L3,2.2,Steel Main Beams,Dec'26,5,,,"页面无该楼层图/分区, 推不上去 — 需人工确认归属"
act_plan(活动计划量),L3,2.2,Steel Beams,Nov'26,5,,,"页面无该楼层图/分区, 推不上去 — 需人工确认归属"
act_plan(活动计划量),L3,2.2T,Steel Main Beams,Dec'26,10,,,"页面无该楼层图/分区, 推不上去 — 需人工确认归属"
act_plan(活动计划量),L3,2.2T,Steel Beams,Nov'26,10,,,"页面无该楼层图/分区, 推不上去 — 需人工确认归属"
act_plan(活动计划量),L3,2.3CIST,Steel Main Beams,Oct'26,4,,,"页面无该楼层图/分区, 推不上去 — 需人工确认归属"
act_plan(活动计划量),L3,2.3CIST,Steel Beams,Sep'26,4,,,"页面无该楼层图/分区, 推不上去 — 需人工确认归属"
act_plan(活动计划量),L3,2.3T,Steel Main Beams,Jul'26,7,,,"页面无该楼层图/分区, 推不上去 — 需人工确认归属"
act_plan(活动计划量),L3,2.3T,Steel Beams,Jun'26,7,,,"页面无该楼层图/分区, 推不上去 — 需人工确认归属"
act_plan(活动计划量),L3,2.4T,Steel Main Beams,Oct'26,6,,,"页面无该楼层图/分区, 推不上去 — 需人工确认归属"
act_plan(活动计划量),L3,2.4T,Steel Beams,Oct'26,6,,,"页面无该楼层图/分区, 推不上去 — 需人工确认归属"
act_plan(活动计划量),L3,2.6CIS,Steel Main Beams,Oct'26,1,,,"页面无该楼层图/分区, 推不上去 — 需人工确认归属"
act_plan(活动计划量),L3,2.6CIS,Steel Beams,Oct'26,1,,,"页面无该楼层图/分区, 推不上去 — 需人工确认归属"
act_plan(活动计划量),L3,2.6CIST,Steel Main Beams,Oct'26,3,,,"页面无该楼层图/分区, 推不上去 — 需人工确认归属"
act_plan(活动计划量),L3,2.6CIST,Steel Beams,Sep'26,3,,,"页面无该楼层图/分区, 推不上去 — 需人工确认归属"
act_plan(活动计划量),L3,3.1CIST,Steel Main Beams,Dec'26,3,,,"页面无该楼层图/分区, 推不上去 — 需人工确认归属"
act_plan(活动计划量),L3,3.1CIST,Steel Beams,Nov'26,3,,,"页面无该楼层图/分区, 推不上去 — 需人工确认归属"
act_plan(活动计划量),L3,3.1T,Steel Main Beams,Dec'26,4,,,"页面无该楼层图/分区, 推不上去 — 需人工确认归属"
act_plan(活动计划量),L3,3.1T,Steel Beams,Dec'26,4,,,"页面无该楼层图/分区, 推不上去 — 需人工确认归属"
act_plan(活动计划量),L3,3.2,Steel Main Beams,Dec'26,5,,,"页面无该楼层图/分区, 推不上去 — 需人工确认归属"
act_plan(活动计划量),L3,3.2,Steel Beams,Dec'26,5,,,"页面无该楼层图/分区, 推不上去 — 需人工确认归属"
act_plan(活动计划量),L3,3.2T,Steel Main Beams,Dec'26,1,,,"页面无该楼层图/分区, 推不上去 — 需人工确认归属"
act_plan(活动计划量),L3,3.2T,Steel Beams,Dec'26,1,,,"页面无该楼层图/分区, 推不上去 — 需人工确认归属"
act_plan(活动计划量),L3,3.3CIST,Steel Main Beams,Dec'26,3,,,"页面无该楼层图/分区, 推不上去 — 需人工确认归属"
act_plan(活动计划量),L3,3.3CIST,Steel Beams,Nov'26,3,,,"页面无该楼层图/分区, 推不上去 — 需人工确认归属"
act_plan(活动计划量),L3,3.3T,Steel Main Beams,Nov'26,2,,,"页面无该楼层图/分区, 推不上去 — 需人工确认归属"
act_plan(活动计划量),L3,3.3T,Steel Beams,Nov'26,2,,,"页面无该楼层图/分区, 推不上去 — 需人工确认归属"
act_plan(活动计划量),L3,3.4,Steel Main Beams,Dec'26,1,,,"页面无该楼层图/分区, 推不上去 — 需人工确认归属"
act_plan(活动计划量),L3,3.4,Steel Beams,Dec'26,1,,,"页面无该楼层图/分区, 推不上去 — 需人工确认归属"
act_plan(活动计划量),L3,3.4T,Steel Main Beams,Dec'26,4,,,"页面无该楼层图/分区, 推不上去 — 需人工确认归属"
act_plan(活动计划量),L3,3.4T,Steel Beams,Dec'26,4,,,"页面无该楼层图/分区, 推不上去 — 需人工确认归属"
act_plan(活动计划量),L3,4.1CIST,Steel Main Beams,Oct'26,6,,,"页面无该楼层图/分区, 推不上去 — 需人工确认归属"
act_plan(活动计划量),L3,4.1CIST,Steel Main Beams,Nov'26,6,,,"页面无该楼层图/分区, 推不上去 — 需人工确认归属"
act_plan(活动计划量),L3,4.1CIST,Steel Beams,Oct'26,6,,,"页面无该楼层图/分区, 推不上去 — 需人工确认归属"
act_plan(活动计划量),L3,4.1CIST,Steel Beams,Nov'26,6,,,"页面无该楼层图/分区, 推不上去 — 需人工确认归属"
act_plan(活动计划量),L3,4.2,Steel Main Beams,Oct'26,3,,,"页面无该楼层图/分区, 推不上去 — 需人工确认归属"
act_plan(活动计划量),L3,4.2,Steel Beams,Oct'26,3,,,"页面无该楼层图/分区, 推不上去 — 需人工确认归属"
act_plan(活动计划量),L3,4.2T,Steel Main Beams,Oct'26,3,,,"页面无该楼层图/分区, 推不上去 — 需人工确认归属"
act_plan(活动计划量),L3,4.2T,Steel Beams,Sep'26,3,,,"页面无该楼层图/分区, 推不上去 — 需人工确认归属"
act_plan(活动计划量),L3,4.3CIST,Steel Main Beams,Dec'26,3,,,"页面无该楼层图/分区, 推不上去 — 需人工确认归属"
act_plan(活动计划量),L3,4.3CIST,Steel Beams,Dec'26,3,,,"页面无该楼层图/分区, 推不上去 — 需人工确认归属"
act_plan(活动计划量),L3,4.3T,Steel Main Beams,Dec'26,3,,,"页面无该楼层图/分区, 推不上去 — 需人工确认归属"
act_plan(活动计划量),L3,4.3T,Steel Main Beams,Mar'27,3,,,"页面无该楼层图/分区, 推不上去 — 需人工确认归属"
act_plan(活动计划量),L3,4.3T,Steel Beams,Dec'26,3,,,"页面无该楼层图/分区, 推不上去 — 需人工确认归属"
act_plan(活动计划量),L3,4.3T,Steel Beams,Mar'27,3,,,"页面无该楼层图/分区, 推不上去 — 需人工确认归属"
act_plan(活动计划量),L3,4.4,Steel Main Beams,Jan'27,5,,,"页面无该楼层图/分区, 推不上去 — 需人工确认归属"
act_plan(活动计划量),L3,4.4,Steel Beams,Jan'27,5,,,"页面无该楼层图/分区, 推不上去 — 需人工确认归属"
act_plan(活动计划量),L3,P1.2T,Steel Main Beams,Aug'26,9,,,"页面无该楼层图/分区, 推不上去 — 需人工确认归属"
act_plan(活动计划量),L3,P1.2T,Steel Main Beams,Oct'26,9,,,"页面无该楼层图/分区, 推不上去 — 需人工确认归属"
act_plan(活动计划量),L3,P1.2T,Steel Beams,Jul'26,9,,,"页面无该楼层图/分区, 推不上去 — 需人工确认归属"
act_plan(活动计划量),L3,P1.2T,Steel Beams,Oct'26,9,,,"页面无该楼层图/分区, 推不上去 — 需人工确认归属"
zone_dates(区域起止),L1,4.4OT,,,,2027-01-07,2027-01-29,"页面无该楼层图且月度表无对应条目, 推不上去 — 需人工确认"
zone_dates(区域起止),L3,1.2,,,,2026-10-12,2026-12-07,"页面无该楼层图且月度表无对应条目, 推不上去 — 需人工确认"
zone_dates(区域起止),L4,1.2,,,,2026-12-08,2027-03-15,"页面无该楼层图且月度表无对应条目, 推不上去 — 需人工确认"
zone_dates(区域起止),L5,4.1CIS,,,,2027-01-25,2027-03-05,"页面无该楼层图且月度表无对应条目, 推不上去 — 需人工确认"
zone_dates(区域起止),L5,4.3,,,,2027-04-30,2027-05-19,"页面无该楼层图且月度表无对应条目, 推不上去 — 需人工确认"
zone_dates(区域起止),L5,1.2,,,,2027-03-16,2027-04-26,"页面无该楼层图且月度表无对应条目, 推不上去 — 需人工确认"
zone_dates(区域起止),Deck,Deck,,,,2026-04-18,2026-08-28,"页面无该楼层图且月度表无对应条目, 推不上去 — 需人工确认"
zone_dates(区域起止),Deck,ZC1,,,,2026-04-01,2026-08-21,"页面无该楼层图且月度表无对应条目, 推不上去 — 需人工确认"
zone_dates(区域起止),Deck,ZC2.1+2.2,,,,2026-08-05,2026-12-21,"页面无该楼层图且月度表无对应条目, 推不上去 — 需人工确认"
zone_dates(区域起止),Deck,ZC3.1a+3.2,,,,2026-08-24,2026-12-28,"页面无该楼层图且月度表无对应条目, 推不上去 — 需人工确认"
zone_dates(区域起止),Deck,ZC3.1b,,,,2026-08-24,2027-01-11,"页面无该楼层图且月度表无对应条目, 推不上去 — 需人工确认"
