楼层,大区,小区,工作项,月份,序号,计划量,实际量,完成率%,单位,计划开始,计划结束,实际完成日期,标记
B2,EB,EB1S2.1,EB B2 Demolition,,,,,,m²,,,,
B2,EB,EB1S2.1,EB B2-B1 Columns,,,,,,nos,,,,
B2,EB,EB1S2.1,EB B2 Pilecap,,,,,,nos,,,,
B2,EB,EB1S2.1,EB B2-B1 Core Wall,,,,,,nos,,,,
B2,EB,EB1S2.2,EB B2 Demolition,,,,,,m²,,,,
B2,EB,EB1S2.2,EB B2-B1 Columns,,,,,,nos,,,,
B2,EB,EB1S2.2,EB B2 Pilecap,,,,,,nos,,,,
B2,EB,EB1S2.2,EB B2-B1 Core Wall,,,,,,nos,,,,
B2,EB,EB1S2.3,EB B2 Demolition,,,,,,m²,,,,
B2,EB,EB1S2.3,EB B2-B1 Columns,,,,,,nos,,,,
B2,EB,EB1S2.3,EB B2 Pilecap,,,,,,nos,,,,
B2,EB,EB1S2.3,EB B2-B1 Core Wall,,,,,,nos,,,,
B2,EB,EB1S2.4,EB B2 Demolition,,,,,,m²,,,,
B2,EB,EB1S2.4,EB B2-B1 Columns,,,,,,nos,,,,
B2,EB,EB1S2.4,EB B2 Pilecap,,,,,,nos,,,,
B2,EB,EB1S2.4,EB B2-B1 Core Wall,,,,,,nos,,,,
B2,EB,EB1S5,EB B2 Demolition,,,,,,m²,,,,
B2,EB,EB1S5,EB B2-B1 Columns,,,,,,nos,,,,
B2,EB,EB1S5,EB B2 Pilecap,,,,,,nos,,,,
B2,EB,EB1S5,EB B2-B1 Core Wall,,,,,,nos,,,,
B2,EB,EB1S6,EB B2 Demolition,,,,,,m²,,,,
B2,EB,EB1S6,EB B2-B1 Columns,,,,,,nos,,,,
B2,EB,EB1S6,EB B2 Pilecap,,,,,,nos,,,,
B2,EB,EB1S6,EB B2-B1 Core Wall,,,,,,nos,,,,
B2,EB,EB1S7,EB B2 Demolition,,,,,,m²,,,,
B2,EB,EB1S7,EB B2-B1 Columns,,,,,,nos,,,,
B2,EB,EB1S7,EB B2 Pilecap,,,,,,nos,,,,
B2,EB,EB1S7,EB B2-B1 Core Wall,,,,,,nos,,,,
B2,EB,EB1S8,EB B2 Demolition,,,,,,m²,,,,
B2,EB,EB1S8,EB B2-B1 Columns,,,,,,nos,,,,
B2,EB,EB1S8,EB B2 Pilecap,,,,,,nos,,,,
B2,EB,EB1S8,EB B2-B1 Core Wall,,,,,,nos,,,,
B2,EB,EB2-2.1,EB B2 Demolition,,,,,,m²,,,,
B2,EB,EB2-2.1,EB B2-B1 Columns,,,,,,nos,,,,
B2,EB,EB2-2.1,EB B2 Pilecap,,,,,,nos,,,,
B2,EB,EB2-2.1,EB B2-B1 Core Wall,,,,,,nos,,,,
B2,EB,EB2-2.2,EB B2 Demolition,,,,,,m²,,,,
B2,EB,EB2-2.2,EB B2-B1 Columns,,,,,,nos,,,,
B2,EB,EB2-2.2,EB B2 Pilecap,,,,,,nos,,,,
B2,EB,EB2-2.2,EB B2-B1 Core Wall,,,,,,nos,,,,
B2,EB,EB2-2.3,EB B2 Demolition,,,,,,m²,,,,
B2,EB,EB2-2.3,EB B2-B1 Columns,,,,,,nos,,,,
B2,EB,EB2-2.3,EB B2 Pilecap,,,,,,nos,,,,
B2,EB,EB2-2.3,EB B2-B1 Core Wall,,,,,,nos,,,,
B2,EB,EB2-2.4,EB B2 Demolition,,,,,,m²,,,,
B2,EB,EB2-2.4,EB B2-B1 Columns,,,,,,nos,,,,
B2,EB,EB2-2.4,EB B2 Pilecap,,,,,,nos,,,,
B2,EB,EB2-2.4,EB B2-B1 Core Wall,,,,,,nos,,,,
B2,EB,EB2-3.1A-1,EB B2 Demolition,,,,,,m²,,,,
B2,EB,EB2-3.1A-1,EB B2-B1 Columns,,,,,,nos,,,,
B2,EB,EB2-3.1A-1,EB B2 Pilecap,,,,,,nos,,,,
B2,EB,EB2-3.1A-1,EB B2-B1 Core Wall,,,,,,nos,,,,
B2,EB,EB2-3.1A-2+3.2-2,EB B2 Demolition,,,,,,m²,,,,
B2,EB,EB2-3.1A-2+3.2-2,EB B2-B1 Columns,,,,,,nos,,,,
B2,EB,EB2-3.1A-2+3.2-2,EB B2 Pilecap,,,,,,nos,,,,
B2,EB,EB2-3.1A-2+3.2-2,EB B2-B1 Core Wall,,,,,,nos,,,,
B2,EB,EB2-3.2-1,EB B2 Demolition,,,,,,m²,,,,
B2,EB,EB2-3.2-1,EB B2-B1 Columns,,,,,,nos,,,,
B2,EB,EB2-3.2-1,EB B2 Pilecap,,,,,,nos,,,,
B2,EB,EB2-3.2-1,EB B2-B1 Core Wall,,,,,,nos,,,,
B2,EB,EB2-3.3,EB B2 Demolition,,,,,,m²,,,,
B2,EB,EB2-3.3,EB B2-B1 Columns,,,,,,nos,,,,
B2,EB,EB2-3.3,EB B2 Pilecap,,,,,,nos,,,,
B2,EB,EB2-3.3,EB B2-B1 Core Wall,,,,,,nos,,,,
B2,NB,B2-S1+1a,NB B2 Excavation,,,,,,m³,,,,
B2,NB,B2-S1+1a,NB B2 Slab Cast,,,,,,m²,,,,
B2,NB,B2-S1+1a,NB B2-B1 Columns,,,,,,nos,,,,
B2,NB,B2-S1+1a,NB B2-B1 Lift/Stair Wall,,,,,,nos,,,,
B2,NB,B2-S1+1a,NB B2-B1 Core Wall,,,,,,nos,,,,
B2,NB,B2-S10,NB B2 Excavation,,,,,,m³,,,,
B2,NB,B2-S10,NB B2 Slab Cast,,,,,,m²,,,,
B2,NB,B2-S10,NB B2-B1 Columns,,,,,,nos,,,,
B2,NB,B2-S10,NB B2-B1 Lift/Stair Wall,,,,,,nos,,,,
B2,NB,B2-S10,NB B2-B1 Core Wall,,,,,,nos,,,,
B2,NB,B2-S11,NB B2 Excavation,,,,,,m³,,,,
B2,NB,B2-S11,NB B2 Slab Cast,,,,,,m²,,,,
B2,NB,B2-S11,NB B2-B1 Columns,,,,,,nos,,,,
B2,NB,B2-S11,NB B2-B1 Lift/Stair Wall,,,,,,nos,,,,
B2,NB,B2-S11,NB B2-B1 Core Wall,,,,,,nos,,,,
B2,NB,B2-S12,NB B2 Excavation,,,,,,m³,,,,
B2,NB,B2-S12,NB B2 Slab Cast,,,,,,m²,,,,
B2,NB,B2-S12,NB B2-B1 Columns,,,,,,nos,,,,
B2,NB,B2-S12,NB B2-B1 Lift/Stair Wall,,,,,,nos,,,,
B2,NB,B2-S12,NB B2-B1 Core Wall,,,,,,nos,,,,
B2,NB,B2-S13,NB B2 Excavation,,,,,,m³,,,,
B2,NB,B2-S13,NB B2 Slab Cast,,,,,,m²,,,,
B2,NB,B2-S13,NB B2-B1 Columns,,,,,,nos,,,,
B2,NB,B2-S13,NB B2-B1 Lift/Stair Wall,,,,,,nos,,,,
B2,NB,B2-S13,NB B2-B1 Core Wall,,,,,,nos,,,,
B2,NB,B2-S14,NB B2 Excavation,,,,,,m³,,,,
B2,NB,B2-S14,NB B2 Slab Cast,,,,,,m²,,,,
B2,NB,B2-S14,NB B2-B1 Columns,,,,,,nos,,,,
B2,NB,B2-S14,NB B2-B1 Lift/Stair Wall,,,,,,nos,,,,
B2,NB,B2-S14,NB B2-B1 Core Wall,,,,,,nos,,,,
B2,NB,B2-S2+S2a,NB B2 Excavation,,,,,,m³,,,,
B2,NB,B2-S2+S2a,NB B2 Slab Cast,,,,,,m²,,,,
B2,NB,B2-S2+S2a,NB B2-B1 Columns,,,,,,nos,,,,
B2,NB,B2-S2+S2a,NB B2-B1 Lift/Stair Wall,,,,,,nos,,,,
B2,NB,B2-S2+S2a,NB B2-B1 Core Wall,,,,,,nos,,,,
B2,NB,B2-S3,NB B2 Excavation,,,,,,m³,,,,
B2,NB,B2-S3,NB B2 Slab Cast,,,,,,m²,,,,
B2,NB,B2-S3,NB B2-B1 Columns,,,,,,nos,,,,
B2,NB,B2-S3,NB B2-B1 Lift/Stair Wall,,,,,,nos,,,,
B2,NB,B2-S3,NB B2-B1 Core Wall,,,,,,nos,,,,
B2,NB,B2-S4,NB B2 Excavation,,,,,,m³,,,,
B2,NB,B2-S4,NB B2 Slab Cast,,,,,,m²,,,,
B2,NB,B2-S4,NB B2-B1 Columns,,,,,,nos,,,,
B2,NB,B2-S4,NB B2-B1 Lift/Stair Wall,,,,,,nos,,,,
B2,NB,B2-S4,NB B2-B1 Core Wall,,,,,,nos,,,,
B2,NB,B2-S5,NB B2 Excavation,,,,,,m³,,,,
B2,NB,B2-S5,NB B2 Slab Cast,,,,,,m²,,,,
B2,NB,B2-S5,NB B2-B1 Columns,,,,,,nos,,,,
B2,NB,B2-S5,NB B2-B1 Lift/Stair Wall,,,,,,nos,,,,
B2,NB,B2-S5,NB B2-B1 Core Wall,,,,,,nos,,,,
B2,NB,B2-S6+6a,NB B2 Excavation,,,,,,m³,,,,
B2,NB,B2-S6+6a,NB B2 Slab Cast,,,,,,m²,,,,
B2,NB,B2-S6+6a,NB B2-B1 Columns,,,,,,nos,,,,
B2,NB,B2-S6+6a,NB B2-B1 Lift/Stair Wall,,,,,,nos,,,,
B2,NB,B2-S6+6a,NB B2-B1 Core Wall,,,,,,nos,,,,
B2,NB,B2-S7,NB B2 Excavation,,,,,,m³,,,,
B2,NB,B2-S7,NB B2 Slab Cast,,,,,,m²,,,,
B2,NB,B2-S7,NB B2-B1 Columns,,,,,,nos,,,,
B2,NB,B2-S7,NB B2-B1 Lift/Stair Wall,,,,,,nos,,,,
B2,NB,B2-S7,NB B2-B1 Core Wall,,,,,,nos,,,,
B2,NB,B2-S8,NB B2 Excavation,,,,,,m³,,,,
B2,NB,B2-S8,NB B2 Slab Cast,,,,,,m²,,,,
B2,NB,B2-S8,NB B2-B1 Columns,,,,,,nos,,,,
B2,NB,B2-S8,NB B2-B1 Lift/Stair Wall,,,,,,nos,,,,
B2,NB,B2-S8,NB B2-B1 Core Wall,,,,,,nos,,,,
B2,NB,B2-S8a+14a+13a,NB B2 Excavation,,,,,,m³,,,,
B2,NB,B2-S8a+14a+13a,NB B2 Slab Cast,,,,,,m²,,,,
B2,NB,B2-S8a+14a+13a,NB B2-B1 Columns,,,,,,nos,,,,
B2,NB,B2-S8a+14a+13a,NB B2-B1 Lift/Stair Wall,,,,,,nos,,,,
B2,NB,B2-S8a+14a+13a,NB B2-B1 Core Wall,,,,,,nos,,,,
B2,NB,B2-S9,NB B2 Excavation,,,,,,m³,,,,
B2,NB,B2-S9,NB B2 Slab Cast,,,,,,m²,,,,
B2,NB,B2-S9,NB B2-B1 Columns,,,,,,nos,,,,
B2,NB,B2-S9,NB B2-B1 Lift/Stair Wall,,,,,,nos,,,,
B2,NB,B2-S9,NB B2-B1 Core Wall,,,,,,nos,,,,
B1,EB,B-2.1,EB B1 Demolition,,,,,,m²,,,,
B1,EB,B-2.1,EB B1 Slab,,,,,,m²,,,,
B1,EB,B-2.1,EB B1-L1 Columns,,,,,,nos,,,,
B1,EB,B-2.1,EB B1-L1 Core Wall,,,,,,nos,,,,
B1,EB,B-2.2,EB B1 Demolition,,,,,,m²,,,,
B1,EB,B-2.2,EB B1 Slab,,,,,,m²,,,,
B1,EB,B-2.2,EB B1-L1 Columns,,,,,,nos,,,,
B1,EB,B-2.2,EB B1-L1 Core Wall,,,,,,nos,,,,
B1,EB,B-2.3,EB B1 Demolition,,,,,,m²,,,,
B1,EB,B-2.3,EB B1 Slab,,,,,,m²,,,,
B1,EB,B-2.3,EB B1-L1 Columns,,,,,,nos,,,,
B1,EB,B-2.3,EB B1-L1 Core Wall,,,,,,nos,,,,
B1,EB,B-2.4,EB B1 Demolition,,,,,,m²,,,,
B1,EB,B-2.4,EB B1 Slab,,,,,,m²,,,,
B1,EB,B-2.4,EB B1-L1 Columns,,,,,,nos,,,,
B1,EB,B-2.4,EB B1-L1 Core Wall,,,,,,nos,,,,
B1,EB,B-3.1,EB B1 Demolition,,,,,,m²,,,,
B1,EB,B-3.1,EB B1 Slab,,,,,,m²,,,,
B1,EB,B-3.1,EB B1-L1 Columns,,,,,,nos,,,,
B1,EB,B-3.1,EB B1-L1 Core Wall,,,,,,nos,,,,
B1,EB,B-3.2,EB B1 Demolition,,,,,,m²,,,,
B1,EB,B-3.2,EB B1 Slab,,,,,,m²,,,,
B1,EB,B-3.2,EB B1-L1 Columns,,,,,,nos,,,,
B1,EB,B-3.2,EB B1-L1 Core Wall,,,,,,nos,,,,
B1,EB,B-3.3+3.5,EB B1 Demolition,,,,,,m²,,,,
B1,EB,B-3.3+3.5,EB B1 Slab,,,,,,m²,,,,
B1,EB,B-3.3+3.5,EB B1-L1 Columns,,,,,,nos,,,,
B1,EB,B-3.3+3.5,EB B1-L1 Core Wall,,,,,,nos,,,,
B1,EB,B-3.4,EB B1 Demolition,,,,,,m²,,,,
B1,EB,B-3.4,EB B1 Slab,,,,,,m²,,,,
B1,EB,B-3.4,EB B1-L1 Columns,,,,,,nos,,,,
B1,EB,B-3.4,EB B1-L1 Core Wall,,,,,,nos,,,,
B1,EB,EB1S2.1,EB B1 Demolition,,,,,,m²,,,,
B1,EB,EB1S2.1,EB B1 Slab,,,,,,m²,,,,
B1,EB,EB1S2.1,EB B1-L1 Columns,,,,,,nos,,,,
B1,EB,EB1S2.1,EB B1-L1 Core Wall,,,,,,nos,,,,
B1,EB,EB1S2.2,EB B1 Demolition,,,,,,m²,,,,
B1,EB,EB1S2.2,EB B1 Slab,,,,,,m²,,,,
B1,EB,EB1S2.2,EB B1-L1 Columns,,,,,,nos,,,,
B1,EB,EB1S2.2,EB B1-L1 Core Wall,,,,,,nos,,,,
B1,EB,EB1S2.3,EB B1 Demolition,,,,,,m²,,,,
B1,EB,EB1S2.3,EB B1 Slab,,,,,,m²,,,,
B1,EB,EB1S2.3,EB B1-L1 Columns,,,,,,nos,,,,
B1,EB,EB1S2.3,EB B1-L1 Core Wall,,,,,,nos,,,,
B1,EB,EB1S2.4,EB B1 Demolition,,,,,,m²,,,,
B1,EB,EB1S2.4,EB B1 Slab,,,,,,m²,,,,
B1,EB,EB1S2.4,EB B1-L1 Columns,,,,,,nos,,,,
B1,EB,EB1S2.4,EB B1-L1 Core Wall,,,,,,nos,,,,
B1,EB,EB1S5,EB B1 Demolition,,,,,,m²,,,,
B1,EB,EB1S5,EB B1 Slab,,,,,,m²,,,,
B1,EB,EB1S5,EB B1-L1 Columns,,,,,,nos,,,,
B1,EB,EB1S5,EB B1-L1 Core Wall,,,,,,nos,,,,
B1,EB,EB1S6,EB B1 Demolition,,,,,,m²,,,,
B1,EB,EB1S6,EB B1 Slab,,,,,,m²,,,,
B1,EB,EB1S6,EB B1-L1 Columns,,,,,,nos,,,,
B1,EB,EB1S6,EB B1-L1 Core Wall,,,,,,nos,,,,
B1,EB,EB1S7,EB B1 Demolition,,,,,,m²,,,,
B1,EB,EB1S7,EB B1 Slab,,,,,,m²,,,,
B1,EB,EB1S7,EB B1-L1 Columns,,,,,,nos,,,,
B1,EB,EB1S7,EB B1-L1 Core Wall,,,,,,nos,,,,
B1,EB,EB1S8,EB B1 Demolition,,,,,,m²,,,,
B1,EB,EB1S8,EB B1 Slab,,,,,,m²,,,,
B1,EB,EB1S8,EB B1-L1 Columns,,,,,,nos,,,,
B1,EB,EB1S8,EB B1-L1 Core Wall,,,,,,nos,,,,
B1,NB,A-01+03,NB B1 Slab Cast,,,,,,m²,,,,
B1,NB,A-01+03,NB B1-L1 Columns,,,,,,nos,,,,
B1,NB,A-01+03,NB B1-L1 Main Beam,,,,,,nos,,,,
B1,NB,A-01+03,NB B1-L1 Core Wall,,,,,,nos,,,,
B1,NB,A-01+03,NB B1 Excavation,,,,,,m³,,,,
B1,NB,A-02+B-01,NB B1 Slab Cast,,,,,,m²,,,,
B1,NB,A-02+B-01,NB B1-L1 Columns,,,,,,nos,,,,
B1,NB,A-02+B-01,NB B1-L1 Main Beam,,,,,,nos,,,,
B1,NB,A-02+B-01,NB B1-L1 Core Wall,,,,,,nos,,,,
B1,NB,A-02+B-01,NB B1 Excavation,,,,,,m³,,,,
B1,NB,A-04,NB B1 Slab Cast,,,,,,m²,,,,
B1,NB,A-04,NB B1-L1 Columns,,,,,,nos,,,,
B1,NB,A-04,NB B1-L1 Main Beam,,,,,,nos,,,,
B1,NB,A-04,NB B1-L1 Core Wall,,,,,,nos,,,,
B1,NB,A-04,NB B1 Excavation,,,,,,m³,,,,
B1,NB,A-05+06,NB B1 Slab Cast,,,,,,m²,,,,
B1,NB,A-05+06,NB B1-L1 Columns,,,,,,nos,,,,
B1,NB,A-05+06,NB B1-L1 Main Beam,,,,,,nos,,,,
B1,NB,A-05+06,NB B1-L1 Core Wall,,,,,,nos,,,,
B1,NB,A-05+06,NB B1 Excavation,,,,,,m³,,,,
B1,NB,A-07,NB B1 Slab Cast,,,,,,m²,,,,
B1,NB,A-07,NB B1-L1 Columns,,,,,,nos,,,,
B1,NB,A-07,NB B1-L1 Main Beam,,,,,,nos,,,,
B1,NB,A-07,NB B1-L1 Core Wall,,,,,,nos,,,,
B1,NB,A-07,NB B1 Excavation,,,,,,m³,,,,
B1,NB,B-02,NB B1 Slab Cast,,,,,,m²,,,,
B1,NB,B-02,NB B1-L1 Columns,,,,,,nos,,,,
B1,NB,B-02,NB B1-L1 Main Beam,,,,,,nos,,,,
B1,NB,B-02,NB B1-L1 Core Wall,,,,,,nos,,,,
B1,NB,B-02,NB B1 Excavation,,,,,,m³,,,,
B1,NB,B-03,NB B1 Slab Cast,,,,,,m²,,,,
B1,NB,B-03,NB B1-L1 Columns,,,,,,nos,,,,
B1,NB,B-03,NB B1-L1 Main Beam,,,,,,nos,,,,
B1,NB,B-03,NB B1-L1 Core Wall,,,,,,nos,,,,
B1,NB,B-03,NB B1 Excavation,,,,,,m³,,,,
B1,NB,B-04+04A,NB B1 Slab Cast,,,,,,m²,,,,
B1,NB,B-04+04A,NB B1-L1 Columns,,,,,,nos,,,,
B1,NB,B-04+04A,NB B1-L1 Main Beam,,,,,,nos,,,,
B1,NB,B-04+04A,NB B1-L1 Core Wall,,,,,,nos,,,,
B1,NB,B-04+04A,NB B1 Excavation,,,,,,m³,,,,
B1,NB,C-01a+b,NB B1 Slab Cast,,,,,,m²,,,,
B1,NB,C-01a+b,NB B1-L1 Columns,,,,,,nos,,,,
B1,NB,C-01a+b,NB B1-L1 Main Beam,,,,,,nos,,,,
B1,NB,C-01a+b,NB B1-L1 Core Wall,,,,,,nos,,,,
B1,NB,C-01a+b,NB B1 Excavation,,,,,,m³,,,,
B1,NB,C-02,NB B1 Slab Cast,,,,,,m²,,,,
B1,NB,C-02,NB B1-L1 Columns,,,,,,nos,,,,
B1,NB,C-02,NB B1-L1 Main Beam,,,,,,nos,,,,
B1,NB,C-02,NB B1-L1 Core Wall,,,,,,nos,,,,
B1,NB,C-02,NB B1 Excavation,,,,,,m³,,,,
B1,NB,D-01,NB B1 Slab Cast,,,,,,m²,,,,
B1,NB,D-01,NB B1-L1 Columns,,,,,,nos,,,,
B1,NB,D-01,NB B1-L1 Main Beam,,,,,,nos,,,,
B1,NB,D-01,NB B1-L1 Core Wall,,,,,,nos,,,,
B1,NB,D-01,NB B1 Excavation,,,,,,m³,,,,
B1,NB,D-02,NB B1 Slab Cast,,,,,,m²,,,,
B1,NB,D-02,NB B1-L1 Columns,,,,,,nos,,,,
B1,NB,D-02,NB B1-L1 Main Beam,,,,,,nos,,,,
B1,NB,D-02,NB B1-L1 Core Wall,,,,,,nos,,,,
B1,NB,D-02,NB B1 Excavation,,,,,,m³,,,,
B1,NB,E-01,NB B1 Slab Cast,,,,,,m²,,,,
B1,NB,E-01,NB B1-L1 Columns,,,,,,nos,,,,
B1,NB,E-01,NB B1-L1 Main Beam,,,,,,nos,,,,
B1,NB,E-01,NB B1-L1 Core Wall,,,,,,nos,,,,
B1,NB,E-01,NB B1 Excavation,,,,,,m³,,,,
B1,NB,F-01,NB B1 Slab Cast,,,,,,m²,,,,
B1,NB,F-01,NB B1-L1 Columns,,,,,,nos,,,,
B1,NB,F-01,NB B1-L1 Main Beam,,,,,,nos,,,,
B1,NB,F-01,NB B1-L1 Core Wall,,,,,,nos,,,,
B1,NB,F-01,NB B1 Excavation,,,,,,m³,,,,
B1,NB,F-02,NB B1 Slab Cast,,,,,,m²,,,,
B1,NB,F-02,NB B1-L1 Columns,,,,,,nos,,,,
B1,NB,F-02,NB B1-L1 Main Beam,,,,,,nos,,,,
B1,NB,F-02,NB B1-L1 Core Wall,,,,,,nos,,,,
B1,NB,F-02,NB B1 Excavation,,,,,,m³,,,,
B1,NB,S-1,NB B1 Slab Cast,,,,,,m²,,,,
B1,NB,S-1,NB B1-L1 Columns,,,,,,nos,,,,
B1,NB,S-1,NB B1-L1 Main Beam,,,,,,nos,,,,
B1,NB,S-1,NB B1-L1 Core Wall,,,,,,nos,,,,
B1,NB,S-1,NB B1 Excavation,,,,,,m³,,,,
B1,NB,S-3,NB B1 Slab Cast,,,,,,m²,,,,
B1,NB,S-3,NB B1-L1 Columns,,,,,,nos,,,,
B1,NB,S-3,NB B1-L1 Main Beam,,,,,,nos,,,,
B1,NB,S-3,NB B1-L1 Core Wall,,,,,,nos,,,,
B1,NB,S-3,NB B1 Excavation,,,,,,m³,,,,
B1,NB,S-4,NB B1 Slab Cast,,,,,,m²,,,,
B1,NB,S-4,NB B1-L1 Columns,,,,,,nos,,,,
B1,NB,S-4,NB B1-L1 Main Beam,,,,,,nos,,,,
B1,NB,S-4,NB B1-L1 Core Wall,,,,,,nos,,,,
B1,NB,S-4,NB B1 Excavation,,,,,,m³,,,,
B1,NB,S-5,NB B1 Slab Cast,,,,,,m²,,,,
B1,NB,S-5,NB B1-L1 Columns,,,,,,nos,,,,
B1,NB,S-5,NB B1-L1 Main Beam,,,,,,nos,,,,
B1,NB,S-5,NB B1-L1 Core Wall,,,,,,nos,,,,
B1,NB,S-5,NB B1 Excavation,,,,,,m³,,,,
B1,NB,S-6,NB B1 Slab Cast,,,,,,m²,,,,
B1,NB,S-6,NB B1-L1 Columns,,,,,,nos,,,,
B1,NB,S-6,NB B1-L1 Main Beam,,,,,,nos,,,,
B1,NB,S-6,NB B1-L1 Core Wall,,,,,,nos,,,,
B1,NB,S-6,NB B1 Excavation,,,,,,m³,,,,
B1,NB,S-7,NB B1 Slab Cast,,,,,,m²,,,,
B1,NB,S-7,NB B1-L1 Columns,,,,,,nos,,,,
B1,NB,S-7,NB B1-L1 Main Beam,,,,,,nos,,,,
B1,NB,S-7,NB B1-L1 Core Wall,,,,,,nos,,,,
B1,NB,S-7,NB B1 Excavation,,,,,,m³,,,,
B1,NB,S-8,NB B1 Slab Cast,,,,,,m²,,,,
B1,NB,S-8,NB B1-L1 Columns,,,,,,nos,,,,
B1,NB,S-8,NB B1-L1 Main Beam,,,,,,nos,,,,
B1,NB,S-8,NB B1-L1 Core Wall,,,,,,nos,,,,
B1,NB,S-8,NB B1 Excavation,,,,,,m³,,,,
B1M,NB,S-1,NB B1M Columns,,,,,,nos,,,,
B1M,NB,S-2,NB B1M Columns,,,,,,nos,,,,
B1M,NB,S-3,NB B1M Columns,,,,,,nos,,,,
B1M,NB,S-4,NB B1M Columns,,,,,,nos,,,,
B1M,NB,S-6,NB B1M Columns,,,,,,nos,,,,
B1M,NB,S-7,NB B1M Columns,,,,,,nos,,,,
B1M,NB,S-8,NB B1M Columns,,,,,,nos,,,,
L1,EB,POD4.1,EB L1 Slab,,,,,,m²,,,,
L1,EB,POD4.1 CIST,EB L1 Slab,,,,,,m²,,,,
L1,EB,POD4.2,EB L1 Slab,,,,,,m²,,,,
L1,EB,POD4.2T,EB L1 Slab,,,,,,m²,,,,
L1,EB,POD4.3CIST,EB L1 Slab,,,,,,m²,,,,
L1,EB,POD4.3T,EB L1 Slab,,,,,,m²,,,,
L1,EB,POD4.4,EB L1 Slab,,,,,,m²,,,,
L1,NB,POD2.1,NB L1 Slab Cast,,,,,,m²,,,,
L1,NB,POD2.1CIS,NB L1 Slab Cast,,,,,,m²,,,,
L1,NB,POD2.1CIST,NB L1 Slab Cast,,,,,,m²,,,,
L1,NB,POD2.1T,NB L1 Slab Cast,,,,,,m²,,,,
L1,NB,POD2.2,NB L1 Slab Cast,,,,,,m²,,,,
L1,NB,POD2.2T,NB L1 Slab Cast,,,,,,m²,,,,
L1,NB,POD2.3CIST,NB L1 Slab Cast,,,,,,m²,,,,
L1,NB,POD2.3T,NB L1 Slab Cast,,,,,,m²,,,,
L1,NB,POD2.4T,NB L1 Slab Cast,,,,,,m²,,,,
L1,NB,POD2.6CIS,NB L1 Slab Cast,,,,,,m²,,,,
L1,NB,POD2.6CIST,NB L1 Slab Cast,,,,,,m²,,,,
L1,MA,POD1.1,L1 Slab Cast,,,,,,m²,,,,
L1,MA,POD1.1,L1 Columns,,,,,,nos,,,,
L1,MA,POD1.1,L1 Lift/Stair Wall,,,,,,nos,,,,
L1,MA,POD1.1,L1 Core Wall,,,,,,nos,,,,
L1,MA,POD1.1,L1 Top Slab,,,,,,m²,,,,
L1,MA,POD1.2,L1 Slab Cast,,,,,,m²,,,,
L1,MA,POD1.2,L1 Columns,,,,,,nos,,,,
L1,MA,POD1.2,L1 Lift/Stair Wall,,,,,,nos,,,,
L1,MA,POD1.2,L1 Core Wall,,,,,,nos,,,,
L1,MA,POD1.2,L1 Top Slab,,,,,,m²,,,,
L1,MA,POD1.2T,L1 Slab Cast,,,,,,m²,,,,
L1,MA,POD1.2T,L1 Columns,,,,,,nos,,,,
L1,MA,POD1.2T,L1 Lift/Stair Wall,,,,,,nos,,,,
L1,MA,POD1.2T,L1 Core Wall,,,,,,nos,,,,
L1,MA,POD1.2T,L1 Top Slab,,,,,,m²,,,,
L1,MA,POD3.1CIST,L1 Slab Cast,,,,,,m²,,,,
L1,MA,POD3.1CIST,L1 Columns,,,,,,nos,,,,
L1,MA,POD3.1CIST,L1 Lift/Stair Wall,,,,,,nos,,,,
L1,MA,POD3.1CIST,L1 Core Wall,,,,,,nos,,,,
L1,MA,POD3.1CIST,L1 Top Slab,,,,,,m²,,,,
L1,MA,POD3.1T,L1 Slab Cast,,,,,,m²,,,,
L1,MA,POD3.1T,L1 Columns,,,,,,nos,,,,
L1,MA,POD3.1T,L1 Lift/Stair Wall,,,,,,nos,,,,
L1,MA,POD3.1T,L1 Core Wall,,,,,,nos,,,,
L1,MA,POD3.1T,L1 Top Slab,,,,,,m²,,,,
L1,MA,POD3.2,L1 Slab Cast,,,,,,m²,,,,
L1,MA,POD3.2,L1 Columns,,,,,,nos,,,,
L1,MA,POD3.2,L1 Lift/Stair Wall,,,,,,nos,,,,
L1,MA,POD3.2,L1 Core Wall,,,,,,nos,,,,
L1,MA,POD3.2,L1 Top Slab,,,,,,m²,,,,
L1,MA,POD3.2T,L1 Slab Cast,,,,,,m²,,,,
L1,MA,POD3.2T,L1 Columns,,,,,,nos,,,,
L1,MA,POD3.2T,L1 Lift/Stair Wall,,,,,,nos,,,,
L1,MA,POD3.2T,L1 Core Wall,,,,,,nos,,,,
L1,MA,POD3.2T,L1 Top Slab,,,,,,m²,,,,
L1,MA,POD3.3CIST,L1 Slab Cast,,,,,,m²,,,,
L1,MA,POD3.3CIST,L1 Columns,,,,,,nos,,,,
L1,MA,POD3.3CIST,L1 Lift/Stair Wall,,,,,,nos,,,,
L1,MA,POD3.3CIST,L1 Core Wall,,,,,,nos,,,,
L1,MA,POD3.3CIST,L1 Top Slab,,,,,,m²,,,,
L1,MA,POD3.3T,L1 Slab Cast,,,,,,m²,,,,
L1,MA,POD3.3T,L1 Columns,,,,,,nos,,,,
L1,MA,POD3.3T,L1 Lift/Stair Wall,,,,,,nos,,,,
L1,MA,POD3.3T,L1 Core Wall,,,,,,nos,,,,
L1,MA,POD3.3T,L1 Top Slab,,,,,,m²,,,,
L1,MA,POD3.4,L1 Slab Cast,,,,,,m²,,,,
L1,MA,POD3.4,L1 Columns,,,,,,nos,,,,
L1,MA,POD3.4,L1 Lift/Stair Wall,,,,,,nos,,,,
L1,MA,POD3.4,L1 Core Wall,,,,,,nos,,,,
L1,MA,POD3.4,L1 Top Slab,,,,,,m²,,,,
L1,MA,POD3.4T,L1 Slab Cast,,,,,,m²,,,,
L1,MA,POD3.4T,L1 Columns,,,,,,nos,,,,
L1,MA,POD3.4T,L1 Lift/Stair Wall,,,,,,nos,,,,
L1,MA,POD3.4T,L1 Core Wall,,,,,,nos,,,,
L1,MA,POD3.4T,L1 Top Slab,,,,,,m²,,,,
L1,MA,Top Slab,L1 Slab Cast,,,,,,m²,,,,
L1,MA,Top Slab,L1 Columns,,,,,,nos,,,,
L1,MA,Top Slab,L1 Lift/Stair Wall,,,,,,nos,,,,
L1,MA,Top Slab,L1 Core Wall,,,,,,nos,,,,
L1,MA,Top Slab,L1 Top Slab,,,,,,m²,,,,
L2,EB,4.2,EB L2 Slab,,,,,,m²,,,,
L2,EB,4.2,EB L1-L2 Core Wall,,,,,,nos,,,,
L2,EB,4.2,EB L1-L2 Columns,,,,,,nos,,,,
L2,EB,4.2,EB L1-L2 Corbel,,,,,,nos,,,,
L2,EB,4.2,EB L1-L2 Steel Beam,,,,,,nos,,,,
L2,EB,4.2,EB L1-L2 Main Beam RC,,,,,,nos,,,,
L2,EB,4.2,EB L1-L2 Lift/Stair Wall,,,,,,nos,,,,
L2,EB,4.3,EB L2 Slab,,,,,,m²,,,,
L2,EB,4.3,EB L1-L2 Core Wall,,,,,,nos,,,,
L2,EB,4.3,EB L1-L2 Columns,,,,,,nos,,,,
L2,EB,4.3,EB L1-L2 Corbel,,,,,,nos,,,,
L2,EB,4.3,EB L1-L2 Steel Beam,,,,,,nos,,,,
L2,EB,4.3,EB L1-L2 Main Beam RC,,,,,,nos,,,,
L2,EB,4.3,EB L1-L2 Lift/Stair Wall,,,,,,nos,,,,
L2,EB,4.4,EB L2 Slab,,,,,,m²,,,,
L2,EB,4.4,EB L1-L2 Core Wall,,,,,,nos,,,,
L2,EB,4.4,EB L1-L2 Columns,,,,,,nos,,,,
L2,EB,4.4,EB L1-L2 Corbel,,,,,,nos,,,,
L2,EB,4.4,EB L1-L2 Steel Beam,,,,,,nos,,,,
L2,EB,4.4,EB L1-L2 Main Beam RC,,,,,,nos,,,,
L2,EB,4.4,EB L1-L2 Lift/Stair Wall,,,,,,nos,,,,
L2,EB,EB1S2.1,EB L2 Slab,,,,,,m²,,,,
L2,EB,EB1S2.1,EB L1-L2 Core Wall,,,,,,nos,,,,
L2,EB,EB1S2.1,EB L1-L2 Columns,,,,,,nos,,,,
L2,EB,EB1S2.1,EB L1-L2 Corbel,,,,,,nos,,,,
L2,EB,EB1S2.1,EB L1-L2 Steel Beam,,,,,,nos,,,,
L2,EB,EB1S2.1,EB L1-L2 Main Beam RC,,,,,,nos,,,,
L2,EB,EB1S2.1,EB L1-L2 Lift/Stair Wall,,,,,,nos,,,,
L2,EB,EB1S2.2,EB L2 Slab,,,,,,m²,,,,
L2,EB,EB1S2.2,EB L1-L2 Core Wall,,,,,,nos,,,,
L2,EB,EB1S2.2,EB L1-L2 Columns,,,,,,nos,,,,
L2,EB,EB1S2.2,EB L1-L2 Corbel,,,,,,nos,,,,
L2,EB,EB1S2.2,EB L1-L2 Steel Beam,,,,,,nos,,,,
L2,EB,EB1S2.2,EB L1-L2 Main Beam RC,,,,,,nos,,,,
L2,EB,EB1S2.2,EB L1-L2 Lift/Stair Wall,,,,,,nos,,,,
L2,EB,EB1S2.3,EB L2 Slab,,,,,,m²,,,,
L2,EB,EB1S2.3,EB L1-L2 Core Wall,,,,,,nos,,,,
L2,EB,EB1S2.3,EB L1-L2 Columns,,,,,,nos,,,,
L2,EB,EB1S2.3,EB L1-L2 Corbel,,,,,,nos,,,,
L2,EB,EB1S2.3,EB L1-L2 Steel Beam,,,,,,nos,,,,
L2,EB,EB1S2.3,EB L1-L2 Main Beam RC,,,,,,nos,,,,
L2,EB,EB1S2.3,EB L1-L2 Lift/Stair Wall,,,,,,nos,,,,
L2,EB,EB1S2.4,EB L2 Slab,,,,,,m²,,,,
L2,EB,EB1S2.4,EB L1-L2 Core Wall,,,,,,nos,,,,
L2,EB,EB1S2.4,EB L1-L2 Columns,,,,,,nos,,,,
L2,EB,EB1S2.4,EB L1-L2 Corbel,,,,,,nos,,,,
L2,EB,EB1S2.4,EB L1-L2 Steel Beam,,,,,,nos,,,,
L2,EB,EB1S2.4,EB L1-L2 Main Beam RC,,,,,,nos,,,,
L2,EB,EB1S2.4,EB L1-L2 Lift/Stair Wall,,,,,,nos,,,,
L2,EB,EB1S8,EB L2 Slab,,,,,,m²,,,,
L2,EB,EB1S8,EB L1-L2 Core Wall,,,,,,nos,,,,
L2,EB,EB1S8,EB L1-L2 Columns,,,,,,nos,,,,
L2,EB,EB1S8,EB L1-L2 Corbel,,,,,,nos,,,,
L2,EB,EB1S8,EB L1-L2 Steel Beam,,,,,,nos,,,,
L2,EB,EB1S8,EB L1-L2 Main Beam RC,,,,,,nos,,,,
L2,EB,EB1S8,EB L1-L2 Lift/Stair Wall,,,,,,nos,,,,
L2,EB,EB2-2.1,EB L2 Slab,,,,,,m²,,,,
L2,EB,EB2-2.1,EB L1-L2 Core Wall,,,,,,nos,,,,
L2,EB,EB2-2.1,EB L1-L2 Columns,,,,,,nos,,,,
L2,EB,EB2-2.1,EB L1-L2 Corbel,,,,,,nos,,,,
L2,EB,EB2-2.1,EB L1-L2 Steel Beam,,,,,,nos,,,,
L2,EB,EB2-2.1,EB L1-L2 Main Beam RC,,,,,,nos,,,,
L2,EB,EB2-2.1,EB L1-L2 Lift/Stair Wall,,,,,,nos,,,,
L2,EB,POD4.1,EB L2 Slab,,,,,,m²,,,,
L2,EB,POD4.1,EB L1-L2 Core Wall,,,,,,nos,,,,
L2,EB,POD4.1,EB L1-L2 Columns,,,,,,nos,,,,
L2,EB,POD4.1,EB L1-L2 Corbel,,,,,,nos,,,,
L2,EB,POD4.1,EB L1-L2 Steel Beam,,,,,,nos,,,,
L2,EB,POD4.1,EB L1-L2 Main Beam RC,,,,,,nos,,,,
L2,EB,POD4.1,EB L1-L2 Lift/Stair Wall,,,,,,nos,,,,
L2,EB,POD4.1 CIST,EB L2 Slab,,,,,,m²,,,,
L2,EB,POD4.1 CIST,EB L1-L2 Core Wall,,,,,,nos,,,,
L2,EB,POD4.1 CIST,EB L1-L2 Columns,,,,,,nos,,,,
L2,EB,POD4.1 CIST,EB L1-L2 Corbel,,,,,,nos,,,,
L2,EB,POD4.1 CIST,EB L1-L2 Steel Beam,,,,,,nos,,,,
L2,EB,POD4.1 CIST,EB L1-L2 Main Beam RC,,,,,,nos,,,,
L2,EB,POD4.1 CIST,EB L1-L2 Lift/Stair Wall,,,,,,nos,,,,
L2,EB,POD4.1CIS,EB L2 Slab,,,,,,m²,,,,
L2,EB,POD4.1CIS,EB L1-L2 Core Wall,,,,,,nos,,,,
L2,EB,POD4.1CIS,EB L1-L2 Columns,,,,,,nos,,,,
L2,EB,POD4.1CIS,EB L1-L2 Corbel,,,,,,nos,,,,
L2,EB,POD4.1CIS,EB L1-L2 Steel Beam,,,,,,nos,,,,
L2,EB,POD4.1CIS,EB L1-L2 Main Beam RC,,,,,,nos,,,,
L2,EB,POD4.1CIS,EB L1-L2 Lift/Stair Wall,,,,,,nos,,,,
L2,EB,POD4.1CIST,EB L2 Slab,,,,,,m²,,,,
L2,EB,POD4.1CIST,EB L1-L2 Core Wall,,,,,,nos,,,,
L2,EB,POD4.1CIST,EB L1-L2 Columns,,,,,,nos,,,,
L2,EB,POD4.1CIST,EB L1-L2 Corbel,,,,,,nos,,,,
L2,EB,POD4.1CIST,EB L1-L2 Steel Beam,,,,,,nos,,,,
L2,EB,POD4.1CIST,EB L1-L2 Main Beam RC,,,,,,nos,,,,
L2,EB,POD4.1CIST,EB L1-L2 Lift/Stair Wall,,,,,,nos,,,,
L2,EB,POD4.2,EB L2 Slab,,,,,,m²,,,,
L2,EB,POD4.2,EB L1-L2 Core Wall,,,,,,nos,,,,
L2,EB,POD4.2,EB L1-L2 Columns,,,,,,nos,,,,
L2,EB,POD4.2,EB L1-L2 Corbel,,,,,,nos,,,,
L2,EB,POD4.2,EB L1-L2 Steel Beam,,,,,,nos,,,,
L2,EB,POD4.2,EB L1-L2 Main Beam RC,,,,,,nos,,,,
L2,EB,POD4.2,EB L1-L2 Lift/Stair Wall,,,,,,nos,,,,
L2,EB,POD4.2T,EB L2 Slab,,,,,,m²,,,,
L2,EB,POD4.2T,EB L1-L2 Core Wall,,,,,,nos,,,,
L2,EB,POD4.2T,EB L1-L2 Columns,,,,,,nos,,,,
L2,EB,POD4.2T,EB L1-L2 Corbel,,,,,,nos,,,,
L2,EB,POD4.2T,EB L1-L2 Steel Beam,,,,,,nos,,,,
L2,EB,POD4.2T,EB L1-L2 Main Beam RC,,,,,,nos,,,,
L2,EB,POD4.2T,EB L1-L2 Lift/Stair Wall,,,,,,nos,,,,
L2,EB,POD4.3CIST,EB L2 Slab,,,,,,m²,,,,
L2,EB,POD4.3CIST,EB L1-L2 Core Wall,,,,,,nos,,,,
L2,EB,POD4.3CIST,EB L1-L2 Columns,,,,,,nos,,,,
L2,EB,POD4.3CIST,EB L1-L2 Corbel,,,,,,nos,,,,
L2,EB,POD4.3CIST,EB L1-L2 Steel Beam,,,,,,nos,,,,
L2,EB,POD4.3CIST,EB L1-L2 Main Beam RC,,,,,,nos,,,,
L2,EB,POD4.3CIST,EB L1-L2 Lift/Stair Wall,,,,,,nos,,,,
L2,EB,POD4.3T,EB L2 Slab,,,,,,m²,,,,
L2,EB,POD4.3T,EB L1-L2 Core Wall,,,,,,nos,,,,
L2,EB,POD4.3T,EB L1-L2 Columns,,,,,,nos,,,,
L2,EB,POD4.3T,EB L1-L2 Corbel,,,,,,nos,,,,
L2,EB,POD4.3T,EB L1-L2 Steel Beam,,,,,,nos,,,,
L2,EB,POD4.3T,EB L1-L2 Main Beam RC,,,,,,nos,,,,
L2,EB,POD4.3T,EB L1-L2 Lift/Stair Wall,,,,,,nos,,,,
L2,EB,POD4.4,EB L2 Slab,,,,,,m²,,,,
L2,EB,POD4.4,EB L1-L2 Core Wall,,,,,,nos,,,,
L2,EB,POD4.4,EB L1-L2 Columns,,,,,,nos,,,,
L2,EB,POD4.4,EB L1-L2 Corbel,,,,,,nos,,,,
L2,EB,POD4.4,EB L1-L2 Steel Beam,,,,,,nos,,,,
L2,EB,POD4.4,EB L1-L2 Main Beam RC,,,,,,nos,,,,
L2,EB,POD4.4,EB L1-L2 Lift/Stair Wall,,,,,,nos,,,,
L2,NB,POD2.1,NB L2 Slab Cast,,,,,,m²,,,,
L2,NB,POD2.1,NB L1-L2 Main Beam RC,,,,,,nos,,,,
L2,NB,POD2.1,NB L1-L2 Corbel,,,,,,nos,,,,
L2,NB,POD2.1,NB L1-L2 Columns,,,,,,nos,,,,
L2,NB,POD2.1,NB L1-L2 Steel Beam,,,,,,nos,,,,
L2,NB,POD2.1,NB L1-L2 Lift/Stair Wall,,,,,,nos,,,,
L2,NB,POD2.1,NB L1-L2 Core Wall,,,,,,nos,,,,
L2,NB,POD2.1CIS,NB L2 Slab Cast,,,,,,m²,,,,
L2,NB,POD2.1CIS,NB L1-L2 Main Beam RC,,,,,,nos,,,,
L2,NB,POD2.1CIS,NB L1-L2 Corbel,,,,,,nos,,,,
L2,NB,POD2.1CIS,NB L1-L2 Columns,,,,,,nos,,,,
L2,NB,POD2.1CIS,NB L1-L2 Steel Beam,,,,,,nos,,,,
L2,NB,POD2.1CIS,NB L1-L2 Lift/Stair Wall,,,,,,nos,,,,
L2,NB,POD2.1CIS,NB L1-L2 Core Wall,,,,,,nos,,,,
L2,NB,POD2.1CIST,NB L2 Slab Cast,,,,,,m²,,,,
L2,NB,POD2.1CIST,NB L1-L2 Main Beam RC,,,,,,nos,,,,
L2,NB,POD2.1CIST,NB L1-L2 Corbel,,,,,,nos,,,,
L2,NB,POD2.1CIST,NB L1-L2 Columns,,,,,,nos,,,,
L2,NB,POD2.1CIST,NB L1-L2 Steel Beam,,,,,,nos,,,,
L2,NB,POD2.1CIST,NB L1-L2 Lift/Stair Wall,,,,,,nos,,,,
L2,NB,POD2.1CIST,NB L1-L2 Core Wall,,,,,,nos,,,,
L2,NB,POD2.1T,NB L2 Slab Cast,,,,,,m²,,,,
L2,NB,POD2.1T,NB L1-L2 Main Beam RC,,,,,,nos,,,,
L2,NB,POD2.1T,NB L1-L2 Corbel,,,,,,nos,,,,
L2,NB,POD2.1T,NB L1-L2 Columns,,,,,,nos,,,,
L2,NB,POD2.1T,NB L1-L2 Steel Beam,,,,,,nos,,,,
L2,NB,POD2.1T,NB L1-L2 Lift/Stair Wall,,,,,,nos,,,,
L2,NB,POD2.1T,NB L1-L2 Core Wall,,,,,,nos,,,,
L2,NB,POD2.2,NB L2 Slab Cast,,,,,,m²,,,,
L2,NB,POD2.2,NB L1-L2 Main Beam RC,,,,,,nos,,,,
L2,NB,POD2.2,NB L1-L2 Corbel,,,,,,nos,,,,
L2,NB,POD2.2,NB L1-L2 Columns,,,,,,nos,,,,
L2,NB,POD2.2,NB L1-L2 Steel Beam,,,,,,nos,,,,
L2,NB,POD2.2,NB L1-L2 Lift/Stair Wall,,,,,,nos,,,,
L2,NB,POD2.2,NB L1-L2 Core Wall,,,,,,nos,,,,
L2,NB,POD2.2-T,NB L2 Slab Cast,,,,,,m²,,,,
L2,NB,POD2.2-T,NB L1-L2 Main Beam RC,,,,,,nos,,,,
L2,NB,POD2.2-T,NB L1-L2 Corbel,,,,,,nos,,,,
L2,NB,POD2.2-T,NB L1-L2 Columns,,,,,,nos,,,,
L2,NB,POD2.2-T,NB L1-L2 Steel Beam,,,,,,nos,,,,
L2,NB,POD2.2-T,NB L1-L2 Lift/Stair Wall,,,,,,nos,,,,
L2,NB,POD2.2-T,NB L1-L2 Core Wall,,,,,,nos,,,,
L2,NB,POD2.2T,NB L2 Slab Cast,,,,,,m²,,,,
L2,NB,POD2.2T,NB L1-L2 Main Beam RC,,,,,,nos,,,,
L2,NB,POD2.2T,NB L1-L2 Corbel,,,,,,nos,,,,
L2,NB,POD2.2T,NB L1-L2 Columns,,,,,,nos,,,,
L2,NB,POD2.2T,NB L1-L2 Steel Beam,,,,,,nos,,,,
L2,NB,POD2.2T,NB L1-L2 Lift/Stair Wall,,,,,,nos,,,,
L2,NB,POD2.2T,NB L1-L2 Core Wall,,,,,,nos,,,,
L2,NB,POD2.3CIST,NB L2 Slab Cast,,,,,,m²,,,,
L2,NB,POD2.3CIST,NB L1-L2 Main Beam RC,,,,,,nos,,,,
L2,NB,POD2.3CIST,NB L1-L2 Corbel,,,,,,nos,,,,
L2,NB,POD2.3CIST,NB L1-L2 Columns,,,,,,nos,,,,
L2,NB,POD2.3CIST,NB L1-L2 Steel Beam,,,,,,nos,,,,
L2,NB,POD2.3CIST,NB L1-L2 Lift/Stair Wall,,,,,,nos,,,,
L2,NB,POD2.3CIST,NB L1-L2 Core Wall,,,,,,nos,,,,
L2,NB,POD2.3T,NB L2 Slab Cast,,,,,,m²,,,,
L2,NB,POD2.3T,NB L1-L2 Main Beam RC,,,,,,nos,,,,
L2,NB,POD2.3T,NB L1-L2 Corbel,,,,,,nos,,,,
L2,NB,POD2.3T,NB L1-L2 Columns,,,,,,nos,,,,
L2,NB,POD2.3T,NB L1-L2 Steel Beam,,,,,,nos,,,,
L2,NB,POD2.3T,NB L1-L2 Lift/Stair Wall,,,,,,nos,,,,
L2,NB,POD2.3T,NB L1-L2 Core Wall,,,,,,nos,,,,
L2,NB,POD2.4,NB L2 Slab Cast,,,,,,m²,,,,
L2,NB,POD2.4,NB L1-L2 Main Beam RC,,,,,,nos,,,,
L2,NB,POD2.4,NB L1-L2 Corbel,,,,,,nos,,,,
L2,NB,POD2.4,NB L1-L2 Columns,,,,,,nos,,,,
L2,NB,POD2.4,NB L1-L2 Steel Beam,,,,,,nos,,,,
L2,NB,POD2.4,NB L1-L2 Lift/Stair Wall,,,,,,nos,,,,
L2,NB,POD2.4,NB L1-L2 Core Wall,,,,,,nos,,,,
L2,NB,POD2.4T,NB L2 Slab Cast,,,,,,m²,,,,
L2,NB,POD2.4T,NB L1-L2 Main Beam RC,,,,,,nos,,,,
L2,NB,POD2.4T,NB L1-L2 Corbel,,,,,,nos,,,,
L2,NB,POD2.4T,NB L1-L2 Columns,,,,,,nos,,,,
L2,NB,POD2.4T,NB L1-L2 Steel Beam,,,,,,nos,,,,
L2,NB,POD2.4T,NB L1-L2 Lift/Stair Wall,,,,,,nos,,,,
L2,NB,POD2.4T,NB L1-L2 Core Wall,,,,,,nos,,,,
L2,NB,POD2.6CIS,NB L2 Slab Cast,,,,,,m²,,,,
L2,NB,POD2.6CIS,NB L1-L2 Main Beam RC,,,,,,nos,,,,
L2,NB,POD2.6CIS,NB L1-L2 Corbel,,,,,,nos,,,,
L2,NB,POD2.6CIS,NB L1-L2 Columns,,,,,,nos,,,,
L2,NB,POD2.6CIS,NB L1-L2 Steel Beam,,,,,,nos,,,,
L2,NB,POD2.6CIS,NB L1-L2 Lift/Stair Wall,,,,,,nos,,,,
L2,NB,POD2.6CIS,NB L1-L2 Core Wall,,,,,,nos,,,,
L2,NB,POD2.6CIST,NB L2 Slab Cast,,,,,,m²,,,,
L2,NB,POD2.6CIST,NB L1-L2 Main Beam RC,,,,,,nos,,,,
L2,NB,POD2.6CIST,NB L1-L2 Corbel,,,,,,nos,,,,
L2,NB,POD2.6CIST,NB L1-L2 Columns,,,,,,nos,,,,
L2,NB,POD2.6CIST,NB L1-L2 Steel Beam,,,,,,nos,,,,
L2,NB,POD2.6CIST,NB L1-L2 Lift/Stair Wall,,,,,,nos,,,,
L2,NB,POD2.6CIST,NB L1-L2 Core Wall,,,,,,nos,,,,
L2,MA,POD1.1,L2 Slab Cast,,,,,,m²,,,,
L2,MA,POD1.1,L2 Columns,,,,,,nos,,,,
L2,MA,POD1.1,L2 Steel Beam,,,,,,nos,,,,
L2,MA,POD1.1,L2 Main Beam RC,,,,,,nos,,,,
L2,MA,POD1.1,L2 Core Wall,,,,,,nos,,,,
L2,MA,POD1.1,L2 Lift/Stair Wall,,,,,,nos,,,,
L2,MA,POD1.2,L2 Slab Cast,,,,,,m²,,,,
L2,MA,POD1.2,L2 Columns,,,,,,nos,,,,
L2,MA,POD1.2,L2 Steel Beam,,,,,,nos,,,,
L2,MA,POD1.2,L2 Main Beam RC,,,,,,nos,,,,
L2,MA,POD1.2,L2 Core Wall,,,,,,nos,,,,
L2,MA,POD1.2,L2 Lift/Stair Wall,,,,,,nos,,,,
L2,MA,POD1.2T,L2 Slab Cast,,,,,,m²,,,,
L2,MA,POD1.2T,L2 Columns,,,,,,nos,,,,
L2,MA,POD1.2T,L2 Steel Beam,,,,,,nos,,,,
L2,MA,POD1.2T,L2 Main Beam RC,,,,,,nos,,,,
L2,MA,POD1.2T,L2 Core Wall,,,,,,nos,,,,
L2,MA,POD1.2T,L2 Lift/Stair Wall,,,,,,nos,,,,
L2,MA,POD3.1CIST,L2 Slab Cast,,,,,,m²,,,,
L2,MA,POD3.1CIST,L2 Columns,,,,,,nos,,,,
L2,MA,POD3.1CIST,L2 Steel Beam,,,,,,nos,,,,
L2,MA,POD3.1CIST,L2 Main Beam RC,,,,,,nos,,,,
L2,MA,POD3.1CIST,L2 Core Wall,,,,,,nos,,,,
L2,MA,POD3.1CIST,L2 Lift/Stair Wall,,,,,,nos,,,,
L2,MA,POD3.1T,L2 Slab Cast,,,,,,m²,,,,
L2,MA,POD3.1T,L2 Columns,,,,,,nos,,,,
L2,MA,POD3.1T,L2 Steel Beam,,,,,,nos,,,,
L2,MA,POD3.1T,L2 Main Beam RC,,,,,,nos,,,,
L2,MA,POD3.1T,L2 Core Wall,,,,,,nos,,,,
L2,MA,POD3.1T,L2 Lift/Stair Wall,,,,,,nos,,,,
L2,MA,POD3.2,L2 Slab Cast,,,,,,m²,,,,
L2,MA,POD3.2,L2 Columns,,,,,,nos,,,,
L2,MA,POD3.2,L2 Steel Beam,,,,,,nos,,,,
L2,MA,POD3.2,L2 Main Beam RC,,,,,,nos,,,,
L2,MA,POD3.2,L2 Core Wall,,,,,,nos,,,,
L2,MA,POD3.2,L2 Lift/Stair Wall,,,,,,nos,,,,
L2,MA,POD3.2T,L2 Slab Cast,,,,,,m²,,,,
L2,MA,POD3.2T,L2 Columns,,,,,,nos,,,,
L2,MA,POD3.2T,L2 Steel Beam,,,,,,nos,,,,
L2,MA,POD3.2T,L2 Main Beam RC,,,,,,nos,,,,
L2,MA,POD3.2T,L2 Core Wall,,,,,,nos,,,,
L2,MA,POD3.2T,L2 Lift/Stair Wall,,,,,,nos,,,,
L2,MA,POD3.3CIST,L2 Slab Cast,,,,,,m²,,,,
L2,MA,POD3.3CIST,L2 Columns,,,,,,nos,,,,
L2,MA,POD3.3CIST,L2 Steel Beam,,,,,,nos,,,,
L2,MA,POD3.3CIST,L2 Main Beam RC,,,,,,nos,,,,
L2,MA,POD3.3CIST,L2 Core Wall,,,,,,nos,,,,
L2,MA,POD3.3CIST,L2 Lift/Stair Wall,,,,,,nos,,,,
L2,MA,POD3.3T,L2 Slab Cast,,,,,,m²,,,,
L2,MA,POD3.3T,L2 Columns,,,,,,nos,,,,
L2,MA,POD3.3T,L2 Steel Beam,,,,,,nos,,,,
L2,MA,POD3.3T,L2 Main Beam RC,,,,,,nos,,,,
L2,MA,POD3.3T,L2 Core Wall,,,,,,nos,,,,
L2,MA,POD3.3T,L2 Lift/Stair Wall,,,,,,nos,,,,
L2,MA,POD3.4,L2 Slab Cast,,,,,,m²,,,,
L2,MA,POD3.4,L2 Columns,,,,,,nos,,,,
L2,MA,POD3.4,L2 Steel Beam,,,,,,nos,,,,
L2,MA,POD3.4,L2 Main Beam RC,,,,,,nos,,,,
L2,MA,POD3.4,L2 Core Wall,,,,,,nos,,,,
L2,MA,POD3.4,L2 Lift/Stair Wall,,,,,,nos,,,,
L2,MA,POD3.4T,L2 Slab Cast,,,,,,m²,,,,
L2,MA,POD3.4T,L2 Columns,,,,,,nos,,,,
L2,MA,POD3.4T,L2 Steel Beam,,,,,,nos,,,,
L2,MA,POD3.4T,L2 Main Beam RC,,,,,,nos,,,,
L2,MA,POD3.4T,L2 Core Wall,,,,,,nos,,,,
L2,MA,POD3.4T,L2 Lift/Stair Wall,,,,,,nos,,,,
L3,EB,4.2,EB L3 Slab,,,,,,m²,,,,
L3,EB,4.2,EB L2-L3 Steel Beam,,,,,,nos,,,,
L3,EB,4.2,EB L2-L3 Main Beam RC,,,,,,nos,,,,
L3,EB,4.2,EB L2-L3 Corbel,,,,,,nos,,,,
L3,EB,4.2,EB L2-L3 Columns,,,,,,nos,,,,
L3,EB,4.2,EB L2-L3 Core Wall,,,,,,nos,,,,
L3,EB,4.2,EB L2-L3 Lift/Stair Wall,,,,,,nos,,,,
L3,EB,4.3,EB L3 Slab,,,,,,m²,,,,
L3,EB,4.3,EB L2-L3 Steel Beam,,,,,,nos,,,,
L3,EB,4.3,EB L2-L3 Main Beam RC,,,,,,nos,,,,
L3,EB,4.3,EB L2-L3 Corbel,,,,,,nos,,,,
L3,EB,4.3,EB L2-L3 Columns,,,,,,nos,,,,
L3,EB,4.3,EB L2-L3 Core Wall,,,,,,nos,,,,
L3,EB,4.3,EB L2-L3 Lift/Stair Wall,,,,,,nos,,,,
L3,EB,4.4,EB L3 Slab,,,,,,m²,,,,
L3,EB,4.4,EB L2-L3 Steel Beam,,,,,,nos,,,,
L3,EB,4.4,EB L2-L3 Main Beam RC,,,,,,nos,,,,
L3,EB,4.4,EB L2-L3 Corbel,,,,,,nos,,,,
L3,EB,4.4,EB L2-L3 Columns,,,,,,nos,,,,
L3,EB,4.4,EB L2-L3 Core Wall,,,,,,nos,,,,
L3,EB,4.4,EB L2-L3 Lift/Stair Wall,,,,,,nos,,,,
L3,EB,POD4.1,EB L3 Slab,,,,,,m²,,,,
L3,EB,POD4.1,EB L2-L3 Steel Beam,,,,,,nos,,,,
L3,EB,POD4.1,EB L2-L3 Main Beam RC,,,,,,nos,,,,
L3,EB,POD4.1,EB L2-L3 Corbel,,,,,,nos,,,,
L3,EB,POD4.1,EB L2-L3 Columns,,,,,,nos,,,,
L3,EB,POD4.1,EB L2-L3 Core Wall,,,,,,nos,,,,
L3,EB,POD4.1,EB L2-L3 Lift/Stair Wall,,,,,,nos,,,,
L3,EB,POD4.1CIS,EB L3 Slab,,,,,,m²,,,,
L3,EB,POD4.1CIS,EB L2-L3 Steel Beam,,,,,,nos,,,,
L3,EB,POD4.1CIS,EB L2-L3 Main Beam RC,,,,,,nos,,,,
L3,EB,POD4.1CIS,EB L2-L3 Corbel,,,,,,nos,,,,
L3,EB,POD4.1CIS,EB L2-L3 Columns,,,,,,nos,,,,
L3,EB,POD4.1CIS,EB L2-L3 Core Wall,,,,,,nos,,,,
L3,EB,POD4.1CIS,EB L2-L3 Lift/Stair Wall,,,,,,nos,,,,
L3,EB,POD4.1CIST,EB L3 Slab,,,,,,m²,,,,
L3,EB,POD4.1CIST,EB L2-L3 Steel Beam,,,,,,nos,,,,
L3,EB,POD4.1CIST,EB L2-L3 Main Beam RC,,,,,,nos,,,,
L3,EB,POD4.1CIST,EB L2-L3 Corbel,,,,,,nos,,,,
L3,EB,POD4.1CIST,EB L2-L3 Columns,,,,,,nos,,,,
L3,EB,POD4.1CIST,EB L2-L3 Core Wall,,,,,,nos,,,,
L3,EB,POD4.1CIST,EB L2-L3 Lift/Stair Wall,,,,,,nos,,,,
L3,EB,POD4.2,EB L3 Slab,,,,,,m²,,,,
L3,EB,POD4.2,EB L2-L3 Steel Beam,,,,,,nos,,,,
L3,EB,POD4.2,EB L2-L3 Main Beam RC,,,,,,nos,,,,
L3,EB,POD4.2,EB L2-L3 Corbel,,,,,,nos,,,,
L3,EB,POD4.2,EB L2-L3 Columns,,,,,,nos,,,,
L3,EB,POD4.2,EB L2-L3 Core Wall,,,,,,nos,,,,
L3,EB,POD4.2,EB L2-L3 Lift/Stair Wall,,,,,,nos,,,,
L3,EB,POD4.2T,EB L3 Slab,,,,,,m²,,,,
L3,EB,POD4.2T,EB L2-L3 Steel Beam,,,,,,nos,,,,
L3,EB,POD4.2T,EB L2-L3 Main Beam RC,,,,,,nos,,,,
L3,EB,POD4.2T,EB L2-L3 Corbel,,,,,,nos,,,,
L3,EB,POD4.2T,EB L2-L3 Columns,,,,,,nos,,,,
L3,EB,POD4.2T,EB L2-L3 Core Wall,,,,,,nos,,,,
L3,EB,POD4.2T,EB L2-L3 Lift/Stair Wall,,,,,,nos,,,,
L3,EB,POD4.3CIST,EB L3 Slab,,,,,,m²,,,,
L3,EB,POD4.3CIST,EB L2-L3 Steel Beam,,,,,,nos,,,,
L3,EB,POD4.3CIST,EB L2-L3 Main Beam RC,,,,,,nos,,,,
L3,EB,POD4.3CIST,EB L2-L3 Corbel,,,,,,nos,,,,
L3,EB,POD4.3CIST,EB L2-L3 Columns,,,,,,nos,,,,
L3,EB,POD4.3CIST,EB L2-L3 Core Wall,,,,,,nos,,,,
L3,EB,POD4.3CIST,EB L2-L3 Lift/Stair Wall,,,,,,nos,,,,
L3,EB,POD4.3T,EB L3 Slab,,,,,,m²,,,,
L3,EB,POD4.3T,EB L2-L3 Steel Beam,,,,,,nos,,,,
L3,EB,POD4.3T,EB L2-L3 Main Beam RC,,,,,,nos,,,,
L3,EB,POD4.3T,EB L2-L3 Corbel,,,,,,nos,,,,
L3,EB,POD4.3T,EB L2-L3 Columns,,,,,,nos,,,,
L3,EB,POD4.3T,EB L2-L3 Core Wall,,,,,,nos,,,,
L3,EB,POD4.3T,EB L2-L3 Lift/Stair Wall,,,,,,nos,,,,
L3,EB,POD4.4,EB L3 Slab,,,,,,m²,,,,
L3,EB,POD4.4,EB L2-L3 Steel Beam,,,,,,nos,,,,
L3,EB,POD4.4,EB L2-L3 Main Beam RC,,,,,,nos,,,,
L3,EB,POD4.4,EB L2-L3 Corbel,,,,,,nos,,,,
L3,EB,POD4.4,EB L2-L3 Columns,,,,,,nos,,,,
L3,EB,POD4.4,EB L2-L3 Core Wall,,,,,,nos,,,,
L3,EB,POD4.4,EB L2-L3 Lift/Stair Wall,,,,,,nos,,,,
L3,NB,POD2.1,NB L3 Slab Cast,,,,,,m²,,,,
L3,NB,POD2.1,NB L2-L3 Main Beam RC,,,,,,nos,,,,
L3,NB,POD2.1,NB L2-L3 Corbel,,,,,,nos,,,,
L3,NB,POD2.1,NB L2-L3 Columns,,,,,,nos,,,,
L3,NB,POD2.1,NB L2-L3 Steel Beam,,,,,,nos,,,,
L3,NB,POD2.1,NB L2-L3 Lift/Stair Wall,,,,,,nos,,,,
L3,NB,POD2.1,NB L2-L3 Core Wall,,,,,,nos,,,,
L3,NB,POD2.1CIS,NB L3 Slab Cast,,,,,,m²,,,,
L3,NB,POD2.1CIS,NB L2-L3 Main Beam RC,,,,,,nos,,,,
L3,NB,POD2.1CIS,NB L2-L3 Corbel,,,,,,nos,,,,
L3,NB,POD2.1CIS,NB L2-L3 Columns,,,,,,nos,,,,
L3,NB,POD2.1CIS,NB L2-L3 Steel Beam,,,,,,nos,,,,
L3,NB,POD2.1CIS,NB L2-L3 Lift/Stair Wall,,,,,,nos,,,,
L3,NB,POD2.1CIS,NB L2-L3 Core Wall,,,,,,nos,,,,
L3,NB,POD2.1CIST,NB L3 Slab Cast,,,,,,m²,,,,
L3,NB,POD2.1CIST,NB L2-L3 Main Beam RC,,,,,,nos,,,,
L3,NB,POD2.1CIST,NB L2-L3 Corbel,,,,,,nos,,,,
L3,NB,POD2.1CIST,NB L2-L3 Columns,,,,,,nos,,,,
L3,NB,POD2.1CIST,NB L2-L3 Steel Beam,,,,,,nos,,,,
L3,NB,POD2.1CIST,NB L2-L3 Lift/Stair Wall,,,,,,nos,,,,
L3,NB,POD2.1CIST,NB L2-L3 Core Wall,,,,,,nos,,,,
L3,NB,POD2.1T,NB L3 Slab Cast,,,,,,m²,,,,
L3,NB,POD2.1T,NB L2-L3 Main Beam RC,,,,,,nos,,,,
L3,NB,POD2.1T,NB L2-L3 Corbel,,,,,,nos,,,,
L3,NB,POD2.1T,NB L2-L3 Columns,,,,,,nos,,,,
L3,NB,POD2.1T,NB L2-L3 Steel Beam,,,,,,nos,,,,
L3,NB,POD2.1T,NB L2-L3 Lift/Stair Wall,,,,,,nos,,,,
L3,NB,POD2.1T,NB L2-L3 Core Wall,,,,,,nos,,,,
L3,NB,POD2.2,NB L3 Slab Cast,,,,,,m²,,,,
L3,NB,POD2.2,NB L2-L3 Main Beam RC,,,,,,nos,,,,
L3,NB,POD2.2,NB L2-L3 Corbel,,,,,,nos,,,,
L3,NB,POD2.2,NB L2-L3 Columns,,,,,,nos,,,,
L3,NB,POD2.2,NB L2-L3 Steel Beam,,,,,,nos,,,,
L3,NB,POD2.2,NB L2-L3 Lift/Stair Wall,,,,,,nos,,,,
L3,NB,POD2.2,NB L2-L3 Core Wall,,,,,,nos,,,,
L3,NB,POD2.2T,NB L3 Slab Cast,,,,,,m²,,,,
L3,NB,POD2.2T,NB L2-L3 Main Beam RC,,,,,,nos,,,,
L3,NB,POD2.2T,NB L2-L3 Corbel,,,,,,nos,,,,
L3,NB,POD2.2T,NB L2-L3 Columns,,,,,,nos,,,,
L3,NB,POD2.2T,NB L2-L3 Steel Beam,,,,,,nos,,,,
L3,NB,POD2.2T,NB L2-L3 Lift/Stair Wall,,,,,,nos,,,,
L3,NB,POD2.2T,NB L2-L3 Core Wall,,,,,,nos,,,,
L3,NB,POD2.3CIST,NB L3 Slab Cast,,,,,,m²,,,,
L3,NB,POD2.3CIST,NB L2-L3 Main Beam RC,,,,,,nos,,,,
L3,NB,POD2.3CIST,NB L2-L3 Corbel,,,,,,nos,,,,
L3,NB,POD2.3CIST,NB L2-L3 Columns,,,,,,nos,,,,
L3,NB,POD2.3CIST,NB L2-L3 Steel Beam,,,,,,nos,,,,
L3,NB,POD2.3CIST,NB L2-L3 Lift/Stair Wall,,,,,,nos,,,,
L3,NB,POD2.3CIST,NB L2-L3 Core Wall,,,,,,nos,,,,
L3,NB,POD2.3T,NB L3 Slab Cast,,,,,,m²,,,,
L3,NB,POD2.3T,NB L2-L3 Main Beam RC,,,,,,nos,,,,
L3,NB,POD2.3T,NB L2-L3 Corbel,,,,,,nos,,,,
L3,NB,POD2.3T,NB L2-L3 Columns,,,,,,nos,,,,
L3,NB,POD2.3T,NB L2-L3 Steel Beam,,,,,,nos,,,,
L3,NB,POD2.3T,NB L2-L3 Lift/Stair Wall,,,,,,nos,,,,
L3,NB,POD2.3T,NB L2-L3 Core Wall,,,,,,nos,,,,
L3,NB,POD2.4,NB L3 Slab Cast,,,,,,m²,,,,
L3,NB,POD2.4,NB L2-L3 Main Beam RC,,,,,,nos,,,,
L3,NB,POD2.4,NB L2-L3 Corbel,,,,,,nos,,,,
L3,NB,POD2.4,NB L2-L3 Columns,,,,,,nos,,,,
L3,NB,POD2.4,NB L2-L3 Steel Beam,,,,,,nos,,,,
L3,NB,POD2.4,NB L2-L3 Lift/Stair Wall,,,,,,nos,,,,
L3,NB,POD2.4,NB L2-L3 Core Wall,,,,,,nos,,,,
L3,NB,POD2.4T,NB L3 Slab Cast,,,,,,m²,,,,
L3,NB,POD2.4T,NB L2-L3 Main Beam RC,,,,,,nos,,,,
L3,NB,POD2.4T,NB L2-L3 Corbel,,,,,,nos,,,,
L3,NB,POD2.4T,NB L2-L3 Columns,,,,,,nos,,,,
L3,NB,POD2.4T,NB L2-L3 Steel Beam,,,,,,nos,,,,
L3,NB,POD2.4T,NB L2-L3 Lift/Stair Wall,,,,,,nos,,,,
L3,NB,POD2.4T,NB L2-L3 Core Wall,,,,,,nos,,,,
L3,NB,POD2.6CIS,NB L3 Slab Cast,,,,,,m²,,,,
L3,NB,POD2.6CIS,NB L2-L3 Main Beam RC,,,,,,nos,,,,
L3,NB,POD2.6CIS,NB L2-L3 Corbel,,,,,,nos,,,,
L3,NB,POD2.6CIS,NB L2-L3 Columns,,,,,,nos,,,,
L3,NB,POD2.6CIS,NB L2-L3 Steel Beam,,,,,,nos,,,,
L3,NB,POD2.6CIS,NB L2-L3 Lift/Stair Wall,,,,,,nos,,,,
L3,NB,POD2.6CIS,NB L2-L3 Core Wall,,,,,,nos,,,,
L3,NB,POD2.6CIST,NB L3 Slab Cast,,,,,,m²,,,,
L3,NB,POD2.6CIST,NB L2-L3 Main Beam RC,,,,,,nos,,,,
L3,NB,POD2.6CIST,NB L2-L3 Corbel,,,,,,nos,,,,
L3,NB,POD2.6CIST,NB L2-L3 Columns,,,,,,nos,,,,
L3,NB,POD2.6CIST,NB L2-L3 Steel Beam,,,,,,nos,,,,
L3,NB,POD2.6CIST,NB L2-L3 Lift/Stair Wall,,,,,,nos,,,,
L3,NB,POD2.6CIST,NB L2-L3 Core Wall,,,,,,nos,,,,
L3,MA,POD1.1,L3 Slab Cast,,,,,,m²,,,,
L3,MA,POD1.1,L3 Columns,,,,,,nos,,,,
L3,MA,POD1.1,L3 Steel Beam,,,,,,nos,,,,
L3,MA,POD1.1,L3 Main Beam RC,,,,,,nos,,,,
L3,MA,POD1.1,L3 Lift/Stair Wall,,,,,,nos,,,,
L3,MA,POD1.1,L3 Core Wall,,,,,,nos,,,,
L3,MA,POD1.2,L3 Slab Cast,,,,,,m²,,,,
L3,MA,POD1.2,L3 Columns,,,,,,nos,,,,
L3,MA,POD1.2,L3 Steel Beam,,,,,,nos,,,,
L3,MA,POD1.2,L3 Main Beam RC,,,,,,nos,,,,
L3,MA,POD1.2,L3 Lift/Stair Wall,,,,,,nos,,,,
L3,MA,POD1.2,L3 Core Wall,,,,,,nos,,,,
L3,MA,POD1.2T,L3 Slab Cast,,,,,,m²,,,,
L3,MA,POD1.2T,L3 Columns,,,,,,nos,,,,
L3,MA,POD1.2T,L3 Steel Beam,,,,,,nos,,,,
L3,MA,POD1.2T,L3 Main Beam RC,,,,,,nos,,,,
L3,MA,POD1.2T,L3 Lift/Stair Wall,,,,,,nos,,,,
L3,MA,POD1.2T,L3 Core Wall,,,,,,nos,,,,
L3,MA,POD3.1CIST,L3 Slab Cast,,,,,,m²,,,,
L3,MA,POD3.1CIST,L3 Columns,,,,,,nos,,,,
L3,MA,POD3.1CIST,L3 Steel Beam,,,,,,nos,,,,
L3,MA,POD3.1CIST,L3 Main Beam RC,,,,,,nos,,,,
L3,MA,POD3.1CIST,L3 Lift/Stair Wall,,,,,,nos,,,,
L3,MA,POD3.1CIST,L3 Core Wall,,,,,,nos,,,,
L3,MA,POD3.1T,L3 Slab Cast,,,,,,m²,,,,
L3,MA,POD3.1T,L3 Columns,,,,,,nos,,,,
L3,MA,POD3.1T,L3 Steel Beam,,,,,,nos,,,,
L3,MA,POD3.1T,L3 Main Beam RC,,,,,,nos,,,,
L3,MA,POD3.1T,L3 Lift/Stair Wall,,,,,,nos,,,,
L3,MA,POD3.1T,L3 Core Wall,,,,,,nos,,,,
L3,MA,POD3.2,L3 Slab Cast,,,,,,m²,,,,
L3,MA,POD3.2,L3 Columns,,,,,,nos,,,,
L3,MA,POD3.2,L3 Steel Beam,,,,,,nos,,,,
L3,MA,POD3.2,L3 Main Beam RC,,,,,,nos,,,,
L3,MA,POD3.2,L3 Lift/Stair Wall,,,,,,nos,,,,
L3,MA,POD3.2,L3 Core Wall,,,,,,nos,,,,
L3,MA,POD3.2T,L3 Slab Cast,,,,,,m²,,,,
L3,MA,POD3.2T,L3 Columns,,,,,,nos,,,,
L3,MA,POD3.2T,L3 Steel Beam,,,,,,nos,,,,
L3,MA,POD3.2T,L3 Main Beam RC,,,,,,nos,,,,
L3,MA,POD3.2T,L3 Lift/Stair Wall,,,,,,nos,,,,
L3,MA,POD3.2T,L3 Core Wall,,,,,,nos,,,,
L3,MA,POD3.3CIST,L3 Slab Cast,,,,,,m²,,,,
L3,MA,POD3.3CIST,L3 Columns,,,,,,nos,,,,
L3,MA,POD3.3CIST,L3 Steel Beam,,,,,,nos,,,,
L3,MA,POD3.3CIST,L3 Main Beam RC,,,,,,nos,,,,
L3,MA,POD3.3CIST,L3 Lift/Stair Wall,,,,,,nos,,,,
L3,MA,POD3.3CIST,L3 Core Wall,,,,,,nos,,,,
L3,MA,POD3.3T,L3 Slab Cast,,,,,,m²,,,,
L3,MA,POD3.3T,L3 Columns,,,,,,nos,,,,
L3,MA,POD3.3T,L3 Steel Beam,,,,,,nos,,,,
L3,MA,POD3.3T,L3 Main Beam RC,,,,,,nos,,,,
L3,MA,POD3.3T,L3 Lift/Stair Wall,,,,,,nos,,,,
L3,MA,POD3.3T,L3 Core Wall,,,,,,nos,,,,
L3,MA,POD3.4,L3 Slab Cast,,,,,,m²,,,,
L3,MA,POD3.4,L3 Columns,,,,,,nos,,,,
L3,MA,POD3.4,L3 Steel Beam,,,,,,nos,,,,
L3,MA,POD3.4,L3 Main Beam RC,,,,,,nos,,,,
L3,MA,POD3.4,L3 Lift/Stair Wall,,,,,,nos,,,,
L3,MA,POD3.4,L3 Core Wall,,,,,,nos,,,,
L3,MA,POD3.4T,L3 Slab Cast,,,,,,m²,,,,
L3,MA,POD3.4T,L3 Columns,,,,,,nos,,,,
L3,MA,POD3.4T,L3 Steel Beam,,,,,,nos,,,,
L3,MA,POD3.4T,L3 Main Beam RC,,,,,,nos,,,,
L3,MA,POD3.4T,L3 Lift/Stair Wall,,,,,,nos,,,,
L3,MA,POD3.4T,L3 Core Wall,,,,,,nos,,,,
L4,EB,POD4.1,EB L4 Slab,,,,,,m²,,,,
L4,EB,POD4.1,EB L3-L4 Columns,,,,,,nos,,,,
L4,EB,POD4.1,EB L3-L4 Steel Beam,,,,,,nos,,,,
L4,EB,POD4.1,EB L3-L4 Main Beam RC,,,,,,nos,,,,
L4,EB,POD4.1,EB L3-L4 Corbel,,,,,,nos,,,,
L4,EB,POD4.1,EB L3-L4 Core Wall,,,,,,nos,,,,
L4,EB,POD4.1,EB L3-L4 Lift/Stair Wall,,,,,,nos,,,,
L4,EB,POD4.1CIST,EB L4 Slab,,,,,,m²,,,,
L4,EB,POD4.1CIST,EB L3-L4 Columns,,,,,,nos,,,,
L4,EB,POD4.1CIST,EB L3-L4 Steel Beam,,,,,,nos,,,,
L4,EB,POD4.1CIST,EB L3-L4 Main Beam RC,,,,,,nos,,,,
L4,EB,POD4.1CIST,EB L3-L4 Corbel,,,,,,nos,,,,
L4,EB,POD4.1CIST,EB L3-L4 Core Wall,,,,,,nos,,,,
L4,EB,POD4.1CIST,EB L3-L4 Lift/Stair Wall,,,,,,nos,,,,
L4,EB,POD4.2,EB L4 Slab,,,,,,m²,,,,
L4,EB,POD4.2,EB L3-L4 Columns,,,,,,nos,,,,
L4,EB,POD4.2,EB L3-L4 Steel Beam,,,,,,nos,,,,
L4,EB,POD4.2,EB L3-L4 Main Beam RC,,,,,,nos,,,,
L4,EB,POD4.2,EB L3-L4 Corbel,,,,,,nos,,,,
L4,EB,POD4.2,EB L3-L4 Core Wall,,,,,,nos,,,,
L4,EB,POD4.2,EB L3-L4 Lift/Stair Wall,,,,,,nos,,,,
L4,EB,POD4.2T,EB L4 Slab,,,,,,m²,,,,
L4,EB,POD4.2T,EB L3-L4 Columns,,,,,,nos,,,,
L4,EB,POD4.2T,EB L3-L4 Steel Beam,,,,,,nos,,,,
L4,EB,POD4.2T,EB L3-L4 Main Beam RC,,,,,,nos,,,,
L4,EB,POD4.2T,EB L3-L4 Corbel,,,,,,nos,,,,
L4,EB,POD4.2T,EB L3-L4 Core Wall,,,,,,nos,,,,
L4,EB,POD4.2T,EB L3-L4 Lift/Stair Wall,,,,,,nos,,,,
L4,EB,POD4.3CIST,EB L4 Slab,,,,,,m²,,,,
L4,EB,POD4.3CIST,EB L3-L4 Columns,,,,,,nos,,,,
L4,EB,POD4.3CIST,EB L3-L4 Steel Beam,,,,,,nos,,,,
L4,EB,POD4.3CIST,EB L3-L4 Main Beam RC,,,,,,nos,,,,
L4,EB,POD4.3CIST,EB L3-L4 Corbel,,,,,,nos,,,,
L4,EB,POD4.3CIST,EB L3-L4 Core Wall,,,,,,nos,,,,
L4,EB,POD4.3CIST,EB L3-L4 Lift/Stair Wall,,,,,,nos,,,,
L4,EB,POD4.3T,EB L4 Slab,,,,,,m²,,,,
L4,EB,POD4.3T,EB L3-L4 Columns,,,,,,nos,,,,
L4,EB,POD4.3T,EB L3-L4 Steel Beam,,,,,,nos,,,,
L4,EB,POD4.3T,EB L3-L4 Main Beam RC,,,,,,nos,,,,
L4,EB,POD4.3T,EB L3-L4 Corbel,,,,,,nos,,,,
L4,EB,POD4.3T,EB L3-L4 Core Wall,,,,,,nos,,,,
L4,EB,POD4.3T,EB L3-L4 Lift/Stair Wall,,,,,,nos,,,,
L4,EB,POD4.4,EB L4 Slab,,,,,,m²,,,,
L4,EB,POD4.4,EB L3-L4 Columns,,,,,,nos,,,,
L4,EB,POD4.4,EB L3-L4 Steel Beam,,,,,,nos,,,,
L4,EB,POD4.4,EB L3-L4 Main Beam RC,,,,,,nos,,,,
L4,EB,POD4.4,EB L3-L4 Corbel,,,,,,nos,,,,
L4,EB,POD4.4,EB L3-L4 Core Wall,,,,,,nos,,,,
L4,EB,POD4.4,EB L3-L4 Lift/Stair Wall,,,,,,nos,,,,
L4,NB,POD2.1,NB L4 Slab Cast,,,,,,m²,,,,
L4,NB,POD2.1,NB L3-L4 Main Beam RC,,,,,,nos,,,,
L4,NB,POD2.1,NB L3-L4 Columns,,,,,,nos,,,,
L4,NB,POD2.1,NB L3-L4 Corbel,,,,,,nos,,,,
L4,NB,POD2.1,NB L3-L4 Core Wall,,,,,,nos,,,,
L4,NB,POD2.1,NB L3-L4 Steel Beam,,,,,,nos,,,,
L4,NB,POD2.1,NB L3-L4 Lift/Stair Wall,,,,,,nos,,,,
L4,NB,POD2.1-T,NB L4 Slab Cast,,,,,,m²,,,,
L4,NB,POD2.1-T,NB L3-L4 Main Beam RC,,,,,,nos,,,,
L4,NB,POD2.1-T,NB L3-L4 Columns,,,,,,nos,,,,
L4,NB,POD2.1-T,NB L3-L4 Corbel,,,,,,nos,,,,
L4,NB,POD2.1-T,NB L3-L4 Core Wall,,,,,,nos,,,,
L4,NB,POD2.1-T,NB L3-L4 Steel Beam,,,,,,nos,,,,
L4,NB,POD2.1-T,NB L3-L4 Lift/Stair Wall,,,,,,nos,,,,
L4,NB,POD2.1CIS,NB L4 Slab Cast,,,,,,m²,,,,
L4,NB,POD2.1CIS,NB L3-L4 Main Beam RC,,,,,,nos,,,,
L4,NB,POD2.1CIS,NB L3-L4 Columns,,,,,,nos,,,,
L4,NB,POD2.1CIS,NB L3-L4 Corbel,,,,,,nos,,,,
L4,NB,POD2.1CIS,NB L3-L4 Core Wall,,,,,,nos,,,,
L4,NB,POD2.1CIS,NB L3-L4 Steel Beam,,,,,,nos,,,,
L4,NB,POD2.1CIS,NB L3-L4 Lift/Stair Wall,,,,,,nos,,,,
L4,NB,POD2.1CIST,NB L4 Slab Cast,,,,,,m²,,,,
L4,NB,POD2.1CIST,NB L3-L4 Main Beam RC,,,,,,nos,,,,
L4,NB,POD2.1CIST,NB L3-L4 Columns,,,,,,nos,,,,
L4,NB,POD2.1CIST,NB L3-L4 Corbel,,,,,,nos,,,,
L4,NB,POD2.1CIST,NB L3-L4 Core Wall,,,,,,nos,,,,
L4,NB,POD2.1CIST,NB L3-L4 Steel Beam,,,,,,nos,,,,
L4,NB,POD2.1CIST,NB L3-L4 Lift/Stair Wall,,,,,,nos,,,,
L4,NB,POD2.1T,NB L4 Slab Cast,,,,,,m²,,,,
L4,NB,POD2.1T,NB L3-L4 Main Beam RC,,,,,,nos,,,,
L4,NB,POD2.1T,NB L3-L4 Columns,,,,,,nos,,,,
L4,NB,POD2.1T,NB L3-L4 Corbel,,,,,,nos,,,,
L4,NB,POD2.1T,NB L3-L4 Core Wall,,,,,,nos,,,,
L4,NB,POD2.1T,NB L3-L4 Steel Beam,,,,,,nos,,,,
L4,NB,POD2.1T,NB L3-L4 Lift/Stair Wall,,,,,,nos,,,,
L4,NB,POD2.2,NB L4 Slab Cast,,,,,,m²,,,,
L4,NB,POD2.2,NB L3-L4 Main Beam RC,,,,,,nos,,,,
L4,NB,POD2.2,NB L3-L4 Columns,,,,,,nos,,,,
L4,NB,POD2.2,NB L3-L4 Corbel,,,,,,nos,,,,
L4,NB,POD2.2,NB L3-L4 Core Wall,,,,,,nos,,,,
L4,NB,POD2.2,NB L3-L4 Steel Beam,,,,,,nos,,,,
L4,NB,POD2.2,NB L3-L4 Lift/Stair Wall,,,,,,nos,,,,
L4,NB,POD2.2-T,NB L4 Slab Cast,,,,,,m²,,,,
L4,NB,POD2.2-T,NB L3-L4 Main Beam RC,,,,,,nos,,,,
L4,NB,POD2.2-T,NB L3-L4 Columns,,,,,,nos,,,,
L4,NB,POD2.2-T,NB L3-L4 Corbel,,,,,,nos,,,,
L4,NB,POD2.2-T,NB L3-L4 Core Wall,,,,,,nos,,,,
L4,NB,POD2.2-T,NB L3-L4 Steel Beam,,,,,,nos,,,,
L4,NB,POD2.2-T,NB L3-L4 Lift/Stair Wall,,,,,,nos,,,,
L4,NB,POD2.2T,NB L4 Slab Cast,,,,,,m²,,,,
L4,NB,POD2.2T,NB L3-L4 Main Beam RC,,,,,,nos,,,,
L4,NB,POD2.2T,NB L3-L4 Columns,,,,,,nos,,,,
L4,NB,POD2.2T,NB L3-L4 Corbel,,,,,,nos,,,,
L4,NB,POD2.2T,NB L3-L4 Core Wall,,,,,,nos,,,,
L4,NB,POD2.2T,NB L3-L4 Steel Beam,,,,,,nos,,,,
L4,NB,POD2.2T,NB L3-L4 Lift/Stair Wall,,,,,,nos,,,,
L4,NB,POD2.3-T,NB L4 Slab Cast,,,,,,m²,,,,
L4,NB,POD2.3-T,NB L3-L4 Main Beam RC,,,,,,nos,,,,
L4,NB,POD2.3-T,NB L3-L4 Columns,,,,,,nos,,,,
L4,NB,POD2.3-T,NB L3-L4 Corbel,,,,,,nos,,,,
L4,NB,POD2.3-T,NB L3-L4 Core Wall,,,,,,nos,,,,
L4,NB,POD2.3-T,NB L3-L4 Steel Beam,,,,,,nos,,,,
L4,NB,POD2.3-T,NB L3-L4 Lift/Stair Wall,,,,,,nos,,,,
L4,NB,POD2.3CIST,NB L4 Slab Cast,,,,,,m²,,,,
L4,NB,POD2.3CIST,NB L3-L4 Main Beam RC,,,,,,nos,,,,
L4,NB,POD2.3CIST,NB L3-L4 Columns,,,,,,nos,,,,
L4,NB,POD2.3CIST,NB L3-L4 Corbel,,,,,,nos,,,,
L4,NB,POD2.3CIST,NB L3-L4 Core Wall,,,,,,nos,,,,
L4,NB,POD2.3CIST,NB L3-L4 Steel Beam,,,,,,nos,,,,
L4,NB,POD2.3CIST,NB L3-L4 Lift/Stair Wall,,,,,,nos,,,,
L4,NB,POD2.3T,NB L4 Slab Cast,,,,,,m²,,,,
L4,NB,POD2.3T,NB L3-L4 Main Beam RC,,,,,,nos,,,,
L4,NB,POD2.3T,NB L3-L4 Columns,,,,,,nos,,,,
L4,NB,POD2.3T,NB L3-L4 Corbel,,,,,,nos,,,,
L4,NB,POD2.3T,NB L3-L4 Core Wall,,,,,,nos,,,,
L4,NB,POD2.3T,NB L3-L4 Steel Beam,,,,,,nos,,,,
L4,NB,POD2.3T,NB L3-L4 Lift/Stair Wall,,,,,,nos,,,,
L4,NB,POD2.4,NB L4 Slab Cast,,,,,,m²,,,,
L4,NB,POD2.4,NB L3-L4 Main Beam RC,,,,,,nos,,,,
L4,NB,POD2.4,NB L3-L4 Columns,,,,,,nos,,,,
L4,NB,POD2.4,NB L3-L4 Corbel,,,,,,nos,,,,
L4,NB,POD2.4,NB L3-L4 Core Wall,,,,,,nos,,,,
L4,NB,POD2.4,NB L3-L4 Steel Beam,,,,,,nos,,,,
L4,NB,POD2.4,NB L3-L4 Lift/Stair Wall,,,,,,nos,,,,
L4,NB,POD2.4-T,NB L4 Slab Cast,,,,,,m²,,,,
L4,NB,POD2.4-T,NB L3-L4 Main Beam RC,,,,,,nos,,,,
L4,NB,POD2.4-T,NB L3-L4 Columns,,,,,,nos,,,,
L4,NB,POD2.4-T,NB L3-L4 Corbel,,,,,,nos,,,,
L4,NB,POD2.4-T,NB L3-L4 Core Wall,,,,,,nos,,,,
L4,NB,POD2.4-T,NB L3-L4 Steel Beam,,,,,,nos,,,,
L4,NB,POD2.4-T,NB L3-L4 Lift/Stair Wall,,,,,,nos,,,,
L4,NB,POD2.4T,NB L4 Slab Cast,,,,,,m²,,,,
L4,NB,POD2.4T,NB L3-L4 Main Beam RC,,,,,,nos,,,,
L4,NB,POD2.4T,NB L3-L4 Columns,,,,,,nos,,,,
L4,NB,POD2.4T,NB L3-L4 Corbel,,,,,,nos,,,,
L4,NB,POD2.4T,NB L3-L4 Core Wall,,,,,,nos,,,,
L4,NB,POD2.4T,NB L3-L4 Steel Beam,,,,,,nos,,,,
L4,NB,POD2.4T,NB L3-L4 Lift/Stair Wall,,,,,,nos,,,,
L4,NB,POD2.6CIS,NB L4 Slab Cast,,,,,,m²,,,,
L4,NB,POD2.6CIS,NB L3-L4 Main Beam RC,,,,,,nos,,,,
L4,NB,POD2.6CIS,NB L3-L4 Columns,,,,,,nos,,,,
L4,NB,POD2.6CIS,NB L3-L4 Corbel,,,,,,nos,,,,
L4,NB,POD2.6CIS,NB L3-L4 Core Wall,,,,,,nos,,,,
L4,NB,POD2.6CIS,NB L3-L4 Steel Beam,,,,,,nos,,,,
L4,NB,POD2.6CIS,NB L3-L4 Lift/Stair Wall,,,,,,nos,,,,
L4,NB,POD2.6CIST,NB L4 Slab Cast,,,,,,m²,,,,
L4,NB,POD2.6CIST,NB L3-L4 Main Beam RC,,,,,,nos,,,,
L4,NB,POD2.6CIST,NB L3-L4 Columns,,,,,,nos,,,,
L4,NB,POD2.6CIST,NB L3-L4 Corbel,,,,,,nos,,,,
L4,NB,POD2.6CIST,NB L3-L4 Core Wall,,,,,,nos,,,,
L4,NB,POD2.6CIST,NB L3-L4 Steel Beam,,,,,,nos,,,,
L4,NB,POD2.6CIST,NB L3-L4 Lift/Stair Wall,,,,,,nos,,,,
L4,MA,POD1.1,L4 Slab Cast,,,,,,m²,,,,
L4,MA,POD1.1,L4 Lift/Stair Wall,,,,,,nos,,,,
L4,MA,POD1.1,L4 Columns,,,,,,nos,,,,
L4,MA,POD1.1,L4 Steel Beam,,,,,,nos,,,,
L4,MA,POD1.1,L4 Main Beam RC,,,,,,nos,,,,
L4,MA,POD1.1,L4 Core Wall,,,,,,nos,,,,
L4,MA,POD1.2,L4 Slab Cast,,,,,,m²,,,,
L4,MA,POD1.2,L4 Lift/Stair Wall,,,,,,nos,,,,
L4,MA,POD1.2,L4 Columns,,,,,,nos,,,,
L4,MA,POD1.2,L4 Steel Beam,,,,,,nos,,,,
L4,MA,POD1.2,L4 Main Beam RC,,,,,,nos,,,,
L4,MA,POD1.2,L4 Core Wall,,,,,,nos,,,,
L4,MA,POD1.2T,L4 Slab Cast,,,,,,m²,,,,
L4,MA,POD1.2T,L4 Lift/Stair Wall,,,,,,nos,,,,
L4,MA,POD1.2T,L4 Columns,,,,,,nos,,,,
L4,MA,POD1.2T,L4 Steel Beam,,,,,,nos,,,,
L4,MA,POD1.2T,L4 Main Beam RC,,,,,,nos,,,,
L4,MA,POD1.2T,L4 Core Wall,,,,,,nos,,,,
L4,MA,POD3.1CIST,L4 Slab Cast,,,,,,m²,,,,
L4,MA,POD3.1CIST,L4 Lift/Stair Wall,,,,,,nos,,,,
L4,MA,POD3.1CIST,L4 Columns,,,,,,nos,,,,
L4,MA,POD3.1CIST,L4 Steel Beam,,,,,,nos,,,,
L4,MA,POD3.1CIST,L4 Main Beam RC,,,,,,nos,,,,
L4,MA,POD3.1CIST,L4 Core Wall,,,,,,nos,,,,
L4,MA,POD3.1T,L4 Slab Cast,,,,,,m²,,,,
L4,MA,POD3.1T,L4 Lift/Stair Wall,,,,,,nos,,,,
L4,MA,POD3.1T,L4 Columns,,,,,,nos,,,,
L4,MA,POD3.1T,L4 Steel Beam,,,,,,nos,,,,
L4,MA,POD3.1T,L4 Main Beam RC,,,,,,nos,,,,
L4,MA,POD3.1T,L4 Core Wall,,,,,,nos,,,,
L4,MA,POD3.2,L4 Slab Cast,,,,,,m²,,,,
L4,MA,POD3.2,L4 Lift/Stair Wall,,,,,,nos,,,,
L4,MA,POD3.2,L4 Columns,,,,,,nos,,,,
L4,MA,POD3.2,L4 Steel Beam,,,,,,nos,,,,
L4,MA,POD3.2,L4 Main Beam RC,,,,,,nos,,,,
L4,MA,POD3.2,L4 Core Wall,,,,,,nos,,,,
L4,MA,POD3.2T,L4 Slab Cast,,,,,,m²,,,,
L4,MA,POD3.2T,L4 Lift/Stair Wall,,,,,,nos,,,,
L4,MA,POD3.2T,L4 Columns,,,,,,nos,,,,
L4,MA,POD3.2T,L4 Steel Beam,,,,,,nos,,,,
L4,MA,POD3.2T,L4 Main Beam RC,,,,,,nos,,,,
L4,MA,POD3.2T,L4 Core Wall,,,,,,nos,,,,
L4,MA,POD3.3CIST,L4 Slab Cast,,,,,,m²,,,,
L4,MA,POD3.3CIST,L4 Lift/Stair Wall,,,,,,nos,,,,
L4,MA,POD3.3CIST,L4 Columns,,,,,,nos,,,,
L4,MA,POD3.3CIST,L4 Steel Beam,,,,,,nos,,,,
L4,MA,POD3.3CIST,L4 Main Beam RC,,,,,,nos,,,,
L4,MA,POD3.3CIST,L4 Core Wall,,,,,,nos,,,,
L4,MA,POD3.3T,L4 Slab Cast,,,,,,m²,,,,
L4,MA,POD3.3T,L4 Lift/Stair Wall,,,,,,nos,,,,
L4,MA,POD3.3T,L4 Columns,,,,,,nos,,,,
L4,MA,POD3.3T,L4 Steel Beam,,,,,,nos,,,,
L4,MA,POD3.3T,L4 Main Beam RC,,,,,,nos,,,,
L4,MA,POD3.3T,L4 Core Wall,,,,,,nos,,,,
L4,MA,POD3.4,L4 Slab Cast,,,,,,m²,,,,
L4,MA,POD3.4,L4 Lift/Stair Wall,,,,,,nos,,,,
L4,MA,POD3.4,L4 Columns,,,,,,nos,,,,
L4,MA,POD3.4,L4 Steel Beam,,,,,,nos,,,,
L4,MA,POD3.4,L4 Main Beam RC,,,,,,nos,,,,
L4,MA,POD3.4,L4 Core Wall,,,,,,nos,,,,
L4,MA,POD3.4T,L4 Slab Cast,,,,,,m²,,,,
L4,MA,POD3.4T,L4 Lift/Stair Wall,,,,,,nos,,,,
L4,MA,POD3.4T,L4 Columns,,,,,,nos,,,,
L4,MA,POD3.4T,L4 Steel Beam,,,,,,nos,,,,
L4,MA,POD3.4T,L4 Main Beam RC,,,,,,nos,,,,
L4,MA,POD3.4T,L4 Core Wall,,,,,,nos,,,,
L5,EB,4.2,EB L5 Slab,,,,,,m²,,,,
L5,EB,4.2,EB L4-L5 Columns,,,,,,nos,,,,
L5,EB,4.2,EB L4-L5 Corbel,,,,,,nos,,,,
L5,EB,4.2,EB L4-L5 Steel Beam,,,,,,nos,,,,
L5,EB,4.2,EB L4-L5 Main Beam RC,,,,,,nos,,,,
L5,EB,4.2,EB L5-Roof Core Wall,,,,,,nos,,,,
L5,EB,4.2,EB L4-L5 Core Wall,,,,,,nos,,,,
L5,EB,4.2,EB L4-L5 Lift/Stair Wall,,,,,,nos,,,,
L5,EB,4.2T,EB L5 Slab,,,,,,m²,,,,
L5,EB,4.2T,EB L4-L5 Columns,,,,,,nos,,,,
L5,EB,4.2T,EB L4-L5 Corbel,,,,,,nos,,,,
L5,EB,4.2T,EB L4-L5 Steel Beam,,,,,,nos,,,,
L5,EB,4.2T,EB L4-L5 Main Beam RC,,,,,,nos,,,,
L5,EB,4.2T,EB L5-Roof Core Wall,,,,,,nos,,,,
L5,EB,4.2T,EB L4-L5 Core Wall,,,,,,nos,,,,
L5,EB,4.2T,EB L4-L5 Lift/Stair Wall,,,,,,nos,,,,
L5,EB,4.3,EB L5 Slab,,,,,,m²,,,,
L5,EB,4.3,EB L4-L5 Columns,,,,,,nos,,,,
L5,EB,4.3,EB L4-L5 Corbel,,,,,,nos,,,,
L5,EB,4.3,EB L4-L5 Steel Beam,,,,,,nos,,,,
L5,EB,4.3,EB L4-L5 Main Beam RC,,,,,,nos,,,,
L5,EB,4.3,EB L5-Roof Core Wall,,,,,,nos,,,,
L5,EB,4.3,EB L4-L5 Core Wall,,,,,,nos,,,,
L5,EB,4.3,EB L4-L5 Lift/Stair Wall,,,,,,nos,,,,
L5,EB,4.4,EB L5 Slab,,,,,,m²,,,,
L5,EB,4.4,EB L4-L5 Columns,,,,,,nos,,,,
L5,EB,4.4,EB L4-L5 Corbel,,,,,,nos,,,,
L5,EB,4.4,EB L4-L5 Steel Beam,,,,,,nos,,,,
L5,EB,4.4,EB L4-L5 Main Beam RC,,,,,,nos,,,,
L5,EB,4.4,EB L5-Roof Core Wall,,,,,,nos,,,,
L5,EB,4.4,EB L4-L5 Core Wall,,,,,,nos,,,,
L5,EB,4.4,EB L4-L5 Lift/Stair Wall,,,,,,nos,,,,
L5,EB,POD4.1,EB L5 Slab,,,,,,m²,,,,
L5,EB,POD4.1,EB L4-L5 Columns,,,,,,nos,,,,
L5,EB,POD4.1,EB L4-L5 Corbel,,,,,,nos,,,,
L5,EB,POD4.1,EB L4-L5 Steel Beam,,,,,,nos,,,,
L5,EB,POD4.1,EB L4-L5 Main Beam RC,,,,,,nos,,,,
L5,EB,POD4.1,EB L5-Roof Core Wall,,,,,,nos,,,,
L5,EB,POD4.1,EB L4-L5 Core Wall,,,,,,nos,,,,
L5,EB,POD4.1,EB L4-L5 Lift/Stair Wall,,,,,,nos,,,,
L5,EB,POD4.1CIS,EB L5 Slab,,,,,,m²,,,,
L5,EB,POD4.1CIS,EB L4-L5 Columns,,,,,,nos,,,,
L5,EB,POD4.1CIS,EB L4-L5 Corbel,,,,,,nos,,,,
L5,EB,POD4.1CIS,EB L4-L5 Steel Beam,,,,,,nos,,,,
L5,EB,POD4.1CIS,EB L4-L5 Main Beam RC,,,,,,nos,,,,
L5,EB,POD4.1CIS,EB L5-Roof Core Wall,,,,,,nos,,,,
L5,EB,POD4.1CIS,EB L4-L5 Core Wall,,,,,,nos,,,,
L5,EB,POD4.1CIS,EB L4-L5 Lift/Stair Wall,,,,,,nos,,,,
L5,EB,POD4.1CIST,EB L5 Slab,,,,,,m²,,,,
L5,EB,POD4.1CIST,EB L4-L5 Columns,,,,,,nos,,,,
L5,EB,POD4.1CIST,EB L4-L5 Corbel,,,,,,nos,,,,
L5,EB,POD4.1CIST,EB L4-L5 Steel Beam,,,,,,nos,,,,
L5,EB,POD4.1CIST,EB L4-L5 Main Beam RC,,,,,,nos,,,,
L5,EB,POD4.1CIST,EB L5-Roof Core Wall,,,,,,nos,,,,
L5,EB,POD4.1CIST,EB L4-L5 Core Wall,,,,,,nos,,,,
L5,EB,POD4.1CIST,EB L4-L5 Lift/Stair Wall,,,,,,nos,,,,
L5,EB,POD4.2,EB L5 Slab,,,,,,m²,,,,
L5,EB,POD4.2,EB L4-L5 Columns,,,,,,nos,,,,
L5,EB,POD4.2,EB L4-L5 Corbel,,,,,,nos,,,,
L5,EB,POD4.2,EB L4-L5 Steel Beam,,,,,,nos,,,,
L5,EB,POD4.2,EB L4-L5 Main Beam RC,,,,,,nos,,,,
L5,EB,POD4.2,EB L5-Roof Core Wall,,,,,,nos,,,,
L5,EB,POD4.2,EB L4-L5 Core Wall,,,,,,nos,,,,
L5,EB,POD4.2,EB L4-L5 Lift/Stair Wall,,,,,,nos,,,,
L5,EB,POD4.2T,EB L5 Slab,,,,,,m²,,,,
L5,EB,POD4.2T,EB L4-L5 Columns,,,,,,nos,,,,
L5,EB,POD4.2T,EB L4-L5 Corbel,,,,,,nos,,,,
L5,EB,POD4.2T,EB L4-L5 Steel Beam,,,,,,nos,,,,
L5,EB,POD4.2T,EB L4-L5 Main Beam RC,,,,,,nos,,,,
L5,EB,POD4.2T,EB L5-Roof Core Wall,,,,,,nos,,,,
L5,EB,POD4.2T,EB L4-L5 Core Wall,,,,,,nos,,,,
L5,EB,POD4.2T,EB L4-L5 Lift/Stair Wall,,,,,,nos,,,,
L5,EB,POD4.3CIST,EB L5 Slab,,,,,,m²,,,,
L5,EB,POD4.3CIST,EB L4-L5 Columns,,,,,,nos,,,,
L5,EB,POD4.3CIST,EB L4-L5 Corbel,,,,,,nos,,,,
L5,EB,POD4.3CIST,EB L4-L5 Steel Beam,,,,,,nos,,,,
L5,EB,POD4.3CIST,EB L4-L5 Main Beam RC,,,,,,nos,,,,
L5,EB,POD4.3CIST,EB L5-Roof Core Wall,,,,,,nos,,,,
L5,EB,POD4.3CIST,EB L4-L5 Core Wall,,,,,,nos,,,,
L5,EB,POD4.3CIST,EB L4-L5 Lift/Stair Wall,,,,,,nos,,,,
L5,EB,POD4.3T,EB L5 Slab,,,,,,m²,,,,
L5,EB,POD4.3T,EB L4-L5 Columns,,,,,,nos,,,,
L5,EB,POD4.3T,EB L4-L5 Corbel,,,,,,nos,,,,
L5,EB,POD4.3T,EB L4-L5 Steel Beam,,,,,,nos,,,,
L5,EB,POD4.3T,EB L4-L5 Main Beam RC,,,,,,nos,,,,
L5,EB,POD4.3T,EB L5-Roof Core Wall,,,,,,nos,,,,
L5,EB,POD4.3T,EB L4-L5 Core Wall,,,,,,nos,,,,
L5,EB,POD4.3T,EB L4-L5 Lift/Stair Wall,,,,,,nos,,,,
L5,EB,POD4.4,EB L5 Slab,,,,,,m²,,,,
L5,EB,POD4.4,EB L4-L5 Columns,,,,,,nos,,,,
L5,EB,POD4.4,EB L4-L5 Corbel,,,,,,nos,,,,
L5,EB,POD4.4,EB L4-L5 Steel Beam,,,,,,nos,,,,
L5,EB,POD4.4,EB L4-L5 Main Beam RC,,,,,,nos,,,,
L5,EB,POD4.4,EB L5-Roof Core Wall,,,,,,nos,,,,
L5,EB,POD4.4,EB L4-L5 Core Wall,,,,,,nos,,,,
L5,EB,POD4.4,EB L4-L5 Lift/Stair Wall,,,,,,nos,,,,
L5,NB,POD2.1,NB L5 Slab Cast,,,,,,m²,,,,
L5,NB,POD2.1,NB L4-L5 Corbel,,,,,,nos,,,,
L5,NB,POD2.1,NB L4-L5 Main Beam RC,,,,,,nos,,,,
L5,NB,POD2.1,NB L4-L5 Columns,,,,,,nos,,,,
L5,NB,POD2.1,NB L4-L5 Steel Beam,,,,,,nos,,,,
L5,NB,POD2.1,NB L4-L5 Lift/Stair Wall,,,,,,nos,,,,
L5,NB,POD2.1,NB L4-L5 Core Wall,,,,,,nos,,,,
L5,NB,POD2.1CIS,NB L5 Slab Cast,,,,,,m²,,,,
L5,NB,POD2.1CIS,NB L4-L5 Corbel,,,,,,nos,,,,
L5,NB,POD2.1CIS,NB L4-L5 Main Beam RC,,,,,,nos,,,,
L5,NB,POD2.1CIS,NB L4-L5 Columns,,,,,,nos,,,,
L5,NB,POD2.1CIS,NB L4-L5 Steel Beam,,,,,,nos,,,,
L5,NB,POD2.1CIS,NB L4-L5 Lift/Stair Wall,,,,,,nos,,,,
L5,NB,POD2.1CIS,NB L4-L5 Core Wall,,,,,,nos,,,,
L5,NB,POD2.1CIST,NB L5 Slab Cast,,,,,,m²,,,,
L5,NB,POD2.1CIST,NB L4-L5 Corbel,,,,,,nos,,,,
L5,NB,POD2.1CIST,NB L4-L5 Main Beam RC,,,,,,nos,,,,
L5,NB,POD2.1CIST,NB L4-L5 Columns,,,,,,nos,,,,
L5,NB,POD2.1CIST,NB L4-L5 Steel Beam,,,,,,nos,,,,
L5,NB,POD2.1CIST,NB L4-L5 Lift/Stair Wall,,,,,,nos,,,,
L5,NB,POD2.1CIST,NB L4-L5 Core Wall,,,,,,nos,,,,
L5,NB,POD2.1T,NB L5 Slab Cast,,,,,,m²,,,,
L5,NB,POD2.1T,NB L4-L5 Corbel,,,,,,nos,,,,
L5,NB,POD2.1T,NB L4-L5 Main Beam RC,,,,,,nos,,,,
L5,NB,POD2.1T,NB L4-L5 Columns,,,,,,nos,,,,
L5,NB,POD2.1T,NB L4-L5 Steel Beam,,,,,,nos,,,,
L5,NB,POD2.1T,NB L4-L5 Lift/Stair Wall,,,,,,nos,,,,
L5,NB,POD2.1T,NB L4-L5 Core Wall,,,,,,nos,,,,
L5,NB,POD2.2,NB L5 Slab Cast,,,,,,m²,,,,
L5,NB,POD2.2,NB L4-L5 Corbel,,,,,,nos,,,,
L5,NB,POD2.2,NB L4-L5 Main Beam RC,,,,,,nos,,,,
L5,NB,POD2.2,NB L4-L5 Columns,,,,,,nos,,,,
L5,NB,POD2.2,NB L4-L5 Steel Beam,,,,,,nos,,,,
L5,NB,POD2.2,NB L4-L5 Lift/Stair Wall,,,,,,nos,,,,
L5,NB,POD2.2,NB L4-L5 Core Wall,,,,,,nos,,,,
L5,NB,POD2.2T,NB L5 Slab Cast,,,,,,m²,,,,
L5,NB,POD2.2T,NB L4-L5 Corbel,,,,,,nos,,,,
L5,NB,POD2.2T,NB L4-L5 Main Beam RC,,,,,,nos,,,,
L5,NB,POD2.2T,NB L4-L5 Columns,,,,,,nos,,,,
L5,NB,POD2.2T,NB L4-L5 Steel Beam,,,,,,nos,,,,
L5,NB,POD2.2T,NB L4-L5 Lift/Stair Wall,,,,,,nos,,,,
L5,NB,POD2.2T,NB L4-L5 Core Wall,,,,,,nos,,,,
L5,NB,POD2.3CIST,NB L5 Slab Cast,,,,,,m²,,,,
L5,NB,POD2.3CIST,NB L4-L5 Corbel,,,,,,nos,,,,
L5,NB,POD2.3CIST,NB L4-L5 Main Beam RC,,,,,,nos,,,,
L5,NB,POD2.3CIST,NB L4-L5 Columns,,,,,,nos,,,,
L5,NB,POD2.3CIST,NB L4-L5 Steel Beam,,,,,,nos,,,,
L5,NB,POD2.3CIST,NB L4-L5 Lift/Stair Wall,,,,,,nos,,,,
L5,NB,POD2.3CIST,NB L4-L5 Core Wall,,,,,,nos,,,,
L5,NB,POD2.3T,NB L5 Slab Cast,,,,,,m²,,,,
L5,NB,POD2.3T,NB L4-L5 Corbel,,,,,,nos,,,,
L5,NB,POD2.3T,NB L4-L5 Main Beam RC,,,,,,nos,,,,
L5,NB,POD2.3T,NB L4-L5 Columns,,,,,,nos,,,,
L5,NB,POD2.3T,NB L4-L5 Steel Beam,,,,,,nos,,,,
L5,NB,POD2.3T,NB L4-L5 Lift/Stair Wall,,,,,,nos,,,,
L5,NB,POD2.3T,NB L4-L5 Core Wall,,,,,,nos,,,,
L5,NB,POD2.4T,NB L5 Slab Cast,,,,,,m²,,,,
L5,NB,POD2.4T,NB L4-L5 Corbel,,,,,,nos,,,,
L5,NB,POD2.4T,NB L4-L5 Main Beam RC,,,,,,nos,,,,
L5,NB,POD2.4T,NB L4-L5 Columns,,,,,,nos,,,,
L5,NB,POD2.4T,NB L4-L5 Steel Beam,,,,,,nos,,,,
L5,NB,POD2.4T,NB L4-L5 Lift/Stair Wall,,,,,,nos,,,,
L5,NB,POD2.4T,NB L4-L5 Core Wall,,,,,,nos,,,,
L5,NB,POD2.6CIS,NB L5 Slab Cast,,,,,,m²,,,,
L5,NB,POD2.6CIS,NB L4-L5 Corbel,,,,,,nos,,,,
L5,NB,POD2.6CIS,NB L4-L5 Main Beam RC,,,,,,nos,,,,
L5,NB,POD2.6CIS,NB L4-L5 Columns,,,,,,nos,,,,
L5,NB,POD2.6CIS,NB L4-L5 Steel Beam,,,,,,nos,,,,
L5,NB,POD2.6CIS,NB L4-L5 Lift/Stair Wall,,,,,,nos,,,,
L5,NB,POD2.6CIS,NB L4-L5 Core Wall,,,,,,nos,,,,
L5,NB,POD2.6CIST,NB L5 Slab Cast,,,,,,m²,,,,
L5,NB,POD2.6CIST,NB L4-L5 Corbel,,,,,,nos,,,,
L5,NB,POD2.6CIST,NB L4-L5 Main Beam RC,,,,,,nos,,,,
L5,NB,POD2.6CIST,NB L4-L5 Columns,,,,,,nos,,,,
L5,NB,POD2.6CIST,NB L4-L5 Steel Beam,,,,,,nos,,,,
L5,NB,POD2.6CIST,NB L4-L5 Lift/Stair Wall,,,,,,nos,,,,
L5,NB,POD2.6CIST,NB L4-L5 Core Wall,,,,,,nos,,,,
L5,MA,POD1.2,L5 Slab Cast,,,,,,m²,,,,
L5,MA,POD1.2T,L5 Slab Cast,,,,,,m²,,,,
L5,MA,POD3.1CIST,L5 Slab Cast,,,,,,m²,,,,
L5,MA,POD3.1T,L5 Slab Cast,,,,,,m²,,,,
L5,MA,POD3.2,L5 Slab Cast,,,,,,m²,,,,
L5,MA,POD3.2T,L5 Slab Cast,,,,,,m²,,,,
L5,MA,POD3.3CIST,L5 Slab Cast,,,,,,m²,,,,
L5,MA,POD3.4,L5 Slab Cast,,,,,,m²,,,,
L5,MA,POD3.4T,L5 Slab Cast,,,,,,m²,,,,
OTHER,MA,P-3.3,Piling,,,,,,nos,,,,
OTHER,MA,P-3.3,Working Platform & Precast,,,,,,m²,,,,
OTHER,MA,P-3.3,RC Beam & Slab Cast,,,,,,m²,,,,
OTHER,MA,P-3.4,Piling,,,,,,nos,,,,
OTHER,MA,P-3.4,Working Platform & Precast,,,,,,m²,,,,
OTHER,MA,P-3.4,RC Beam & Slab Cast,,,,,,m²,,,,
OTHER,MA,ZC1,Piling,,,,,,nos,,,,
OTHER,MA,ZC1,Working Platform & Precast,,,,,,m²,,,,
OTHER,MA,ZC1,RC Beam & Slab Cast,,,,,,m²,,,,
OTHER,MA,ZC2.1+2.2,Piling,,,,,,nos,,,,
OTHER,MA,ZC2.1+2.2,Working Platform & Precast,,,,,,m²,,,,
OTHER,MA,ZC2.1+2.2,RC Beam & Slab Cast,,,,,,m²,,,,
OTHER,MA,ZC3.1a+3.2,Piling,,,,,,nos,,,,
OTHER,MA,ZC3.1a+3.2,Working Platform & Precast,,,,,,m²,,,,
OTHER,MA,ZC3.1a+3.2,RC Beam & Slab Cast,,,,,,m²,,,,
OTHER,MA,ZC3.1b,Piling,,,,,,nos,,,,
OTHER,MA,ZC3.1b,Working Platform & Precast,,,,,,m²,,,,
OTHER,MA,ZC3.1b,RC Beam & Slab Cast,,,,,,m²,,,,
